Athlete,Country,Sport,Gender,Year,Actual,Predicted,Probability
"BERESH, Oleksandr",Ukraine,Gymnastics,Men,2000,0,1,0.5297409258704836
"TOTH, Istvan",Hungary,Wrestling,Men,1980,0,0,0.471327364169641
"LATRILLE-GAUDIN, Brigitte",France,Fencing,Women,1980,1,0,0.4843988428871947
"EICHENBERGER, Sabine",Switzerland,Canoe / Kayak,Women,1996,0,1,0.5304740212478634
"REYNOLDS, Harry Butch .",United States,Athletics,Men,1988,0,1,0.535321081308791
"FISCHER, Volker",West Germany,Fencing,Men,1984,1,1,0.5370644733306441
"BIONDI, Matthew",United States,Aquatics,Men,1988,0,1,0.5392572036442209
"GARDERUD, Anders",Sweden,Athletics,Men,1976,1,1,0.5261783454830651
"LEMUS GARCIA, Juan Carlos",Cuba,Boxing,Men,1992,1,0,0.4710641178811822
"DYLEWSKA, Izabela",Poland,Canoe / Kayak,Women,1988,0,1,0.5179389419648665
"SCULL, Antonio",Cuba,Baseball,Men,2000,0,0,0.47076805729109666
"BARTON, Jim",United States,Sailing,Men,1996,0,1,0.5292372467666058
"TEUSCHER, Cristina",United States,Aquatics,Women,2000,0,1,0.5421137007054779
IGROK,Soviet Union,Equestrian,Men,1980,1,1,0.5184522468054545
"CALLE WILLIAMS, Maria Luisa",Colombia,Cycling,Women,2004,0,0,0.47525987982535695
"BAILLIEU, Christopher",United Kingdom,Rowing,Men,1976,0,1,0.5295564645571241
"BONG, Jungkeun","Korea, South",Baseball,Men,2008,1,0,0.4964296057741298
"IBBETSON, Bruce Bernard",United States,Rowing,Men,1984,0,1,0.5286643925770534
"REIHER, Hendrik",East Germany,Rowing,Men,1988,1,0,0.46806816944719
"TEULERE, Jean",France,Equestrian,Men,2004,1,0,0.47623478196161617
"GRÖBNER, Wilfried",East Germany,Football,Men,1976,1,0,0.47344006477331035
"PISAREVSKIY, Gleb",Russia,Weightlifting,Men,2004,0,1,0.501755169605847
"BONTAS, Cristina",Romania,Gymnastics,Women,1992,0,1,0.518312472141101
"LIVBJERG, Signe",Denmark,Sailing,Women,2004,0,0,0.4726576133053849
"FLESSEL-COLOVIC, Laura",France,Fencing,Women,1996,1,0,0.48512102937923723
"OH, Yong Ran","Korea, South",Handball,Women,2008,0,0,0.4955663774732103
"AVRAMENKO, Gennadi",Soviet Union,Shooting,Men,1988,0,1,0.514181194094362
"KLIMKE, Reiner",West Germany,Equestrian,Men,1984,1,1,0.5367849074027337
"SAUER, Gunnar",West Germany,Football,Men,1988,0,1,0.5341592356656718
"SUJSTER, Vladimir",Croatia,Handball,Men,1996,1,0,0.4649296260841142
"FOSTER, Tim James",United Kingdom,Rowing,Men,1996,0,1,0.5282527658054079
"ZACZKIEWICZ-REIDICK, Claudia",West Germany,Athletics,Women,1988,0,1,0.5447521280890449
"HENRIQUEZ, David",Chile,Football,Men,2000,0,0,0.46481745376032946
"BENGTSSON, Per-Inge",Sweden,Canoe / Kayak,Men,1984,0,1,0.5241419876391703
"LI, Yu-Wei",China,Shooting,Men,1984,1,0,0.46064368140690876
"BRINKMANN, Wolfgang",West Germany,Equestrian,Men,1988,1,1,0.5381719157429757
"ARROJO AVILA, Rolando",Cuba,Baseball,Men,1992,1,0,0.4742046309414931
"MA, Yibo",China,Hockey,Women,2008,0,0,0.46937862592166907
"BUSCHSCHULTE, Antje",Germany,Aquatics,Women,1996,0,0,0.492612752568014
"FERRAZZI, Pierpaolo",Italy,Canoe / Kayak,Men,2000,0,0,0.4902174994141054
"POPESCU, Marioara",Romania,Rowing,Women,1984,1,1,0.5130268397123795
"GILLE, Bertrand",France,Handball,Men,2008,1,0,0.47649557773660556
"BONDUE, Alain",France,Cycling,Men,1980,0,0,0.4806742346209822
"HOSNYANSZKY, Norbert",Hungary,Aquatics,Men,2008,1,0,0.4880971452751688
"KAJITANI, Nobuyuki",Japan,Gymnastics,Men,1984,0,0,0.4883906053986975
"WYLENZEK, Thomasz",Germany,Canoe / Kayak,Men,2008,0,0,0.47818834341966365
"CHO, Youn-Jeong","Korea, South",Archery,Women,1992,1,1,0.504751320263855
"DEGTYAREV, Aleksandr",Soviet Union,Canoe / Kayak,Men,1976,1,1,0.5204447906268498
"WARINER, Jeremy",United States,Athletics,Men,2008,0,1,0.5340104644465514
"YOO, Yong-Sung","Korea, South",Badminton,Men,2004,0,0,0.4931766075649021
"STELLMACH, Manuela",Germany,Aquatics,Women,1992,0,0,0.4895465302733848
"PETRICH, Henryk",Poland,Boxing,Men,1988,0,1,0.5098723348989501
"PIVOVAROVA, Olga",Soviet Union,Rowing,Women,1980,0,1,0.5191671748369537
"SILOVS, Yuris",Soviet Union,Athletics,Men,1976,0,1,0.5205227924436163
"DONKOVA, Yordanka",Bulgaria,Athletics,Women,1992,0,0,0.4744382904446277
"TCHIGUIR, Alexandre",Unified team,Aquatics,Men,1992,0,1,0.5337395490514951
"EVSEEV, Nikolai",Soviet Union,Aquatics,Men,1988,0,1,0.5238825912744981
"ROLLAND, Jean Christophe",France,Rowing,Men,2000,1,0,0.47243061895231003
"DOUDEVA, Diana",Bulgaria,Gymnastics,Women,1988,0,0,0.46896033561770256
"QUENEHERVE, Gilles",France,Athletics,Men,1988,0,0,0.4811294142918918
"ELSAYED, Mohamed",Egypt,Boxing,Men,2004,0,0,0.4773830984117856
"STECHER, Renate",East Germany,Athletics,Women,1976,0,0,0.4827288063363977
"HOOKER, Steve",Australia,Athletics,Men,2008,1,0,0.4609099431336135
"DAWES, Dominique",United States,Gymnastics,Women,1992,0,1,0.5386465571033227
"ARAGON, Yovany",Cuba,Baseball,Men,2000,0,0,0.4740652657332888
"TSIREKIDZE, Irakli",Georgia,Judo,Men,2008,1,0,0.47339853606744814
"PYCIAK-PECIAK, Janusz",Poland,Modern Pentathlon,Men,1976,1,1,0.5044284679515832
"LUIS, Alejandrina",Cuba,Volleyball,Women,2000,1,0,0.4668005127229421
"ABDUL, Rashid III",Pakistan,Hockey,Men,1976,0,1,0.505272077914982
"GUTIERREZ, Jorge",Cuba,Boxing,Men,2000,1,0,0.47170384405192944
"POWELL, Katrina",Australia,Hockey,Women,2000,1,0,0.4594561551905424
"MAISTER, Barry John",New Zealand,Hockey,Men,1976,1,1,0.5009207144569232
"LOHYNA, Jozef",Czechoslovakia,Wrestling,Men,1988,0,0,0.4607486503222575
"MERKOV, Petar",Bulgaria,Canoe / Kayak,Men,2000,0,0,0.4633285142832103
"RAUHE, Ronald",Germany,Canoe / Kayak,Men,2004,1,0,0.47934029069414785
"GUIJOSA, Rafael",Spain,Handball,Men,2000,0,1,0.5167545871839516
"TONG, Fei",China,Gymnastics,Men,1984,0,0,0.46287483164429843
"CHICK, Sandra",Zimbabwe,Hockey,Women,1980,1,1,0.5439301656431079
"KOPLYAKOV, Sergei",Soviet Union,Aquatics,Men,1976,0,1,0.5231663287963432
"GLANFIELD, Joe",United Kingdom,Sailing,Men,2008,0,1,0.527318253378403
"GUNDERSEN, Trude",Norway,Taekwondo,Women,2000,0,1,0.5049135247322576
"BARNES, Jennifer Kirsten",Canada,Rowing,Women,1992,1,0,0.46879316532085497
"WALDOCH, Tomasz",Poland,Football,Men,1992,0,1,0.5059186218584254
"KOWN, Soo-Hyun","Korea, South",Hockey,Women,1996,0,0,0.4960555069618928
"RIBEIRO, Edson",Brazil,Athletics,Men,2000,0,0,0.46477012699472986
"ZIELINSKI, Wlodzimierz",Poland,Handball,Men,1976,0,1,0.5048441347296212
"MIZGAITIS, Mindaugas",Lithuania,Wrestling,Men,2008,0,0,0.4847839089154003
"LYARD, Cedric",France,Equestrian,Men,2004,1,0,0.47771487731575335
"OTTLEY, David",United Kingdom,Athletics,Men,1984,0,1,0.5350427015313596
"SENET, Daniel",France,Weightlifting,Men,1976,0,0,0.4677099717886426
"REITER, Josef",Austria,Judo,Men,1984,0,0,0.4532497499182046
"TAKABAYASHI, Takayuki",Japan,Baseball,Men,1996,0,0,0.49061638064483254
"QUINON, Pierre",France,Athletics,Men,1984,1,0,0.48120612216291436
"DIX, Walter",United States,Athletics,Men,2008,0,1,0.5372414282354774
"BUSCHSCHULTE, Antje",Germany,Aquatics,Women,2004,0,0,0.4924568378879461
"WILD, Eleonora",Yugoslavia,Basketball,Women,1988,0,1,0.5438908577872805
"FOIREST, Laurent",France,Basketball,Men,2000,0,0,0.4812415124256675
"MENNEA, Pietro",Italy,Athletics,Men,1980,1,0,0.49193006324391503
"RANTANEN, Heli Orvokki",Finland,Athletics,Women,1996,1,0,0.48684707662240156
"KHRISTOVA, Tzvetanka Pavlova",Bulgaria,Athletics,Women,1988,0,0,0.47356877627866056
"KUHL, Patrick",East Germany,Aquatics,Men,1988,0,0,0.47861056438610483
"FLODSTRÖM, Göran",Sweden,Fencing,Men,1976,1,1,0.5218388320177245
"DOUGLAS, Rowley",United Kingdom,Rowing,Men,2000,1,1,0.5283804824390119
"ALLEN, Chad",United States,Baseball,Men,1996,0,1,0.5371572595486082
"BOLDEN, Jeanette",United States,Athletics,Women,1984,1,1,0.5447236897504654
"HERRERA VERA, Angel",Cuba,Boxing,Men,1980,1,0,0.47197167403539125
"NESBITT, Stephanie",United States,Aquatics,Women,2004,0,1,0.5431064476206965
"SUAREZ, Leonel",Cuba,Athletics,Men,2008,0,0,0.47146751259837966
"FULLANA, Marga",Spain,Cycling,Women,2000,0,1,0.5263109938276176
"PARKER, Adrian Philip",United Kingdom,Modern Pentathlon,Men,1976,1,1,0.527395060968936
"GYULAY, Zsolt",Hungary,Canoe / Kayak,Men,1992,0,0,0.4846894626887378
"HEUKRODT, Olaf",East Germany,Canoe / Kayak,Men,1980,0,0,0.47542668340044786
"ISKANDARIAN, Mnatsakan",Unified team,Wrestling,Men,1992,1,1,0.5209148298633984
"SANCHEZ, Elier",Cuba,Baseball,Men,2008,0,0,0.47070457035454455
"DONIZETE LUIZ, Sergio",Brazil,Football,Men,1988,0,0,0.4623069453194153
"VAN ALMSICK, Franziska",Germany,Aquatics,Women,1996,0,0,0.4891518620938264
"WATT, Kathryn Anne",Australia,Cycling,Women,1992,0,0,0.461889215009344
"KNYAZEVA, Olga",Soviet Union,Fencing,Women,1976,1,1,0.5242174739990483
"BALMFORTH, Darren",Australia,Rowing,Men,2000,0,0,0.4541151553589077
"BALLANGER, Felicia",France,Cycling,Women,1996,1,0,0.4871200574211319
"ADAMS, Neil",United Kingdom,Judo,Men,1980,0,1,0.530746028733229
"PRINZ, Birgit",Germany,Football,Women,2008,0,0,0.4836781747682368
"ABASCAL GARCIA, Alejandro",Spain,Sailing,Men,1980,1,1,0.5157127102640889
"PELLIELO, Giovanni",Italy,Shooting,Men,2008,0,0,0.48149881313906656
"MATZ, Evelyn",East Germany,Handball,Women,1976,0,0,0.47779104009546725
"AZCUY OLIVA, Isaac",Cuba,Judo,Men,1980,0,0,0.46831000395249
"KREKOVIC, Josko",Croatia,Aquatics,Men,1996,0,0,0.4737961730196524
"WANG, Xiaohong",China,Aquatics,Women,1992,0,0,0.4756909995828982
"RISI, Bruno",Switzerland,Cycling,Men,2004,0,1,0.520956627621687
"SCHULTE-MATTLER-SCHMIDT, Heike",West Germany,Athletics,Women,1984,0,1,0.545704548244474
"DE BRUIJN, Inge",Netherlands,Aquatics,Women,2004,0,1,0.514974469310874
"AMICO, Leah",United States,Softball,Women,2004,1,1,0.5346773737159839
"KOSAREV, Alexander",Russia,Volleyball,Men,2004,0,1,0.5033474746090106
"YOSHIDA, Hidehiko",Japan,Judo,Men,1992,1,0,0.48404991328222663
"TAURASI, Diana",United States,Basketball,Women,2008,1,1,0.5392172677204755
"KOGA, Toshihiko",Japan,Judo,Men,1992,1,0,0.48638369322175545
"BRYZGIN, Viktor",Soviet Union,Athletics,Men,1988,1,1,0.5233194314200412
"SCHÖNROCK, Sybille",East Germany,Aquatics,Women,1980,0,0,0.483965723706425
"SIDORENKO, Aleksandr",Soviet Union,Aquatics,Men,1980,1,1,0.5215670226865774
"SILVESTRE SANCHEZ, Manuel",Spain,Aquatics,Men,1992,0,1,0.5219872282162283
"SAITO, Haruka",Japan,Softball,Women,2004,0,0,0.4885691418469227
"GARRALDA, Rafael",Spain,Hockey,Men,1980,0,1,0.5167536056103422
"NEMOV, Alexei",Russia,Gymnastics,Men,1996,0,1,0.5099893264352465
"HOWARD, Sherryl Frances",United States,Athletics,Women,1984,1,1,0.5435499427853387
"OELSNER-GÖHR, Marlies",East Germany,Athletics,Women,1980,0,0,0.48346552073088045
"JOHANSSON, Per",Sweden,Aquatics,Men,1984,0,1,0.5266095380441629
"ROGERS, Nick",United Kingdom,Sailing,Men,2008,0,1,0.5253380009255518
"BALLART, Daniel",Spain,Aquatics,Men,1996,1,1,0.5252116445890778
"WATLEY, Natasha",United States,Softball,Women,2004,1,1,0.5306624925247198
"CAMERON, Tracy",Canada,Rowing,Women,2008,0,0,0.4681814996653829
"UMARAS, Gintautas",Soviet Union,Cycling,Men,1988,1,1,0.5165223577762107
"PRPIC, Goran",Croatia,Tennis,Men,1992,0,0,0.460073263709834
"MARTINEZ, Armando",Cuba,Boxing,Men,1980,1,0,0.47105068724590393
"KALININA, Ganna",Ukraine,Sailing,Women,2004,0,1,0.5314402147566154
"TANGERAAS, Trine",Norway,Football,Women,1996,0,1,0.5087062402378378
"CHEESEBOROUGH, Chandra Danette",United States,Athletics,Women,1984,1,1,0.5445142512115468
"YIN, Jian",China,Sailing,Women,2004,0,0,0.46531080169927713
"HAGN, Johanna",Germany,Judo,Women,1996,0,0,0.4833756544381357
"RIBOUD, Philippe",France,Fencing,Men,1984,0,0,0.4766862985379667
"CHOI, Eun-Kyung","Korea, South",Hockey,Women,1996,0,0,0.49743795401631913
"RUIZ, Ismael",Spain,Football,Men,2000,0,1,0.5159427706409936
"GJERTSEN, Douglas S.",United States,Aquatics,Men,1992,0,1,0.5382700885003217
"BRAKEWELL, Jeanette",United Kingdom,Equestrian,Women,2004,0,1,0.5397540083307019
"BRABANTS, Tim",United Kingdom,Canoe / Kayak,Men,2008,0,1,0.534241605745176
"EBBESEN, Eskild Balschmidt",Denmark,Rowing,Men,2000,0,0,0.46804174784067604
"XIA, Xuanze",China,Badminton,Men,2000,0,0,0.4671852668291289
"BOLDON, Ato",Trinidad and Tobago,Athletics,Men,2000,0,1,0.5325387814000534
"DOBELEIT, Norbert",West Germany,Athletics,Men,1988,0,1,0.5416191306892099
"IM, Dong-Hyun","Korea, South",Archery,Men,2008,1,0,0.49686921802931516
"LEWIS, Carl",United States,Athletics,Men,1992,1,1,0.5362311107586631
"BUCKNER, William Quinn",United States,Basketball,Men,1976,1,1,0.5365877850339025
"ALEXANDER, Lisa",Canada,Aquatics,Women,1996,0,0,0.4783065752054024
"JIMENEZ MENDIVIL, Soraya",Mexico,Weightlifting,Women,2000,1,0,0.49564127670194363
"WOLLSCHLAGER, Susanne",Germany,Hockey,Women,1992,0,0,0.48120416686952894
"STIVES-LENDE, Karen Elizabeth",United States,Equestrian,Women,1984,0,1,0.537596757043067
"BAU, Sabine Christiane",Germany,Fencing,Women,1996,0,0,0.4873034198069784
"MCCARNEY, Wayne",Australia,Cycling,Men,1988,0,0,0.45706675759102194
"SOVETNIKOVA, Galina",Soviet Union,Rowing,Women,1980,0,1,0.518583279752695
"DUSING, Nate",United States,Aquatics,Men,2004,0,1,0.5383579216171278
"RUIZ-CONFORTO, Tracie Lehuanani",United States,Aquatics,Women,1984,1,1,0.5429402357224908
"HEAMS, Shane",United States,Baseball,Men,2000,1,1,0.5356964690477992
"BENELLI, Andrea",Italy,Shooting,Men,1996,0,0,0.4843886225725867
"GUTTLER, Karoly",Hungary,Aquatics,Men,1996,0,0,0.4885060710016125
"ZVIADAURI, Zurab",Georgia,Judo,Men,2004,1,0,0.4730052295913745
"WILLIAMS III, Bernard",United States,Athletics,Men,2000,1,1,0.5341049916870582
"GÜLDENPFENNIG, Wolfgang",East Germany,Rowing,Men,1976,1,0,0.4700767368222644
"VUJASINOVIC, Vladimir",Yugoslavia,Aquatics,Men,2000,0,1,0.5399832770409336
"FOUT, Nina",United States,Equestrian,Women,2000,0,1,0.5398207064625482
"DJANDJGAVA, Tatiana",Unified team,Handball,Women,1992,0,1,0.5360050629336982
"SUMMERTON, Laura",Australia,Basketball,Women,2008,0,0,0.4636547645616253
"SEIDEL, Guenter",United States,Equestrian,Men,2000,0,1,0.5309562941900093
"MANUKYAN, Mkkhitar",Kazakhstan,Wrestling,Men,2004,0,0,0.47970494765849353
"OBHOLZER, Rupert John",United Kingdom,Rowing,Men,1996,0,1,0.5265596483562807
"ROUSSEAU, Florian",France,Cycling,Men,2000,0,0,0.4773993040604598
"CHIACCHIA, Darren",United States,Equestrian,Men,2004,0,1,0.5336920532158941
"OHLSSON, Thomas",Sweden,Canoe / Kayak,Men,1984,0,1,0.521620408819479
"HE, Jian-Ping",China,Handball,Women,1984,0,0,0.4712734928132869
"AYRE, Sanjay",Jamaica,Athletics,Men,2000,0,0,0.49456519365440466
"CHEN, Ling",China,Archery,Women,2008,0,0,0.4783262204886267
"LATTA, Victoria Jean",New Zealand,Equestrian,Women,1992,0,1,0.5102030852824876
"OSYGUS, Simone",Germany,Aquatics,Women,1992,0,0,0.4903243089358151
"FAWCETT, Joy",United States,Football,Women,2000,0,1,0.5387837605864145
"HEMPEL, Jan",Germany,Aquatics,Men,2000,0,0,0.4849784098323731
"REGIS, John Paul Lyndon",United Kingdom,Athletics,Men,1988,0,1,0.5346747387684461
"RISZDORFER, Michal",Slovakia,Canoe / Kayak,Men,2008,0,1,0.515404947072241
"SAVIC, Dejan",Serbia,Aquatics,Men,2008,0,1,0.5177975831993447
"ROGERS, Philip John",Australia,Aquatics,Men,1992,0,0,0.46064430664915557
"BREW, Derrick",United States,Athletics,Men,2004,1,1,0.5377384464819119
"FRASER, Suzie",Australia,Aquatics,Women,2008,0,0,0.4689892297517368
"FAN, Bin",China,Gymnastics,Men,1996,0,0,0.46546126347636624
"JIN, Ziwei",China,Rowing,Women,2008,1,0,0.46833594101775095
"KOWAL, Frederic",France,Rowing,Men,1996,0,0,0.4737467863094706
"POULOT RAMOS, Manolo",Cuba,Judo,Men,2000,0,0,0.4650342766644712
"SOLOZABAL, Ignacio",Spain,Basketball,Men,1984,0,1,0.5192880484533868
"BUDOLIN, Aleksei",Estonia,Judo,Men,2000,0,0,0.4742978705228381
"LAGUTIN, Yuri",Soviet Union,Handball,Men,1976,1,1,0.5158197392679842
"BENGTSSON, Per-Inge",Sweden,Canoe / Kayak,Men,1984,0,1,0.5241419876391703
"KOMISARZ, Rachel",United States,Aquatics,Women,2004,0,1,0.5438702284484341
"LUTZE, Manuela",Germany,Rowing,Women,2000,1,0,0.48126000603064606
"SAPEGA, Yuri",Soviet Union,Volleyball,Men,1988,0,1,0.5076523759443341
"MILOSOVICI, Lavinia Corina",Romania,Gymnastics,Women,1996,0,1,0.5160557276752084
"RISZDORFER, Michal",Slovakia,Canoe / Kayak,Men,2004,0,1,0.5154828474024103
TSKHETI,Soviet Union,Equestrian,Men,1980,1,1,0.5161554590919676
"JOHANSEN, Kari Mette",Norway,Handball,Women,2008,1,1,0.5094167661890991
"HE, Ying-Qiang",China,Weightlifting,Men,1992,0,0,0.45737248794731133
"ZHANG, Guozheng",China,Weightlifting,Men,2004,1,0,0.4542977755113018
"KRÖPPELIEN, Klaus",East Germany,Rowing,Men,1980,1,0,0.46933763507600645
"RIBAS, Xavier",Spain,Hockey,Men,2008,0,1,0.5142190573621561
"KROKHINA, Lyudmila",Soviet Union,Rowing,Women,1976,0,1,0.5202276971098838
"KLUGE, Anja",East Germany,Rowing,Women,1988,1,0,0.47586429845810657
"GUO, Wenjun",China,Shooting,Women,2008,1,0,0.4675647435319084
"WYNANTS, Milton Ariel",Uruguay,Cycling,Men,2000,0,1,0.5313917216490645
"WILLIAMS, Bernard",United States,Athletics,Men,2004,0,1,0.5340258422372687
"FRAZER, Merlene",Jamaica,Athletics,Women,2000,0,1,0.5001870439764615
"VOLKNER, Iris",West Germany,Rowing,Women,1984,0,1,0.5367799038939206
"JUNG, Lovieanne",United States,Softball,Women,2004,1,1,0.533018824429771
"ROCH, Siegfried",West Germany,Handball,Men,1984,0,1,0.5332681320647525
"CHENG, Hui",China,Hockey,Women,2008,0,0,0.4711008273151294
"BOISSE, Philippe",France,Fencing,Men,1980,1,0,0.47957276174989444
"VERA, Norge Luis",Cuba,Baseball,Men,2008,0,0,0.47002728351052525
"KÖPPEN, Kerstin",Germany,Rowing,Women,1996,1,0,0.4815741393239345
"GLOUCHKOV, Alexei",Russia,Wrestling,Men,2000,0,1,0.5030370420145024
"KIM, Soon-Duk","Korea, South",Hockey,Women,1988,0,0,0.4963461394383876
"KOHIYAMA, Masahito",Japan,Baseball,Men,1992,0,0,0.4924997200004693
"BROWN, Benjamin Gene",United States,Athletics,Men,1976,1,1,0.5382646161765968
"KORYTOVA, Svetlana",Soviet Union,Volleyball,Women,1988,1,1,0.5156015520940755
"DELLA FIORI, Fabrizio",Italy,Basketball,Men,1980,0,0,0.49196823901839176
"KELLY, Jamill",United States,Wrestling,Men,2004,0,1,0.5225129872580466
"SUN, Qiuting",China,Aquatics,Women,2008,0,0,0.4757795175568262
"SEARLE, Jonathan William",United Kingdom,Rowing,Men,1996,0,1,0.5259338078117561
"CHEN, Jing",China,Table Tennis,Women,1988,0,0,0.46761999836924023
"BECKER, Marcus",Germany,Canoe / Kayak,Men,2004,0,0,0.48221836791819783
"LOGOUNOVA, Tatiana",Russia,Fencing,Women,2000,1,1,0.5180542995653551
"VAN DEN HOOGENBAND, Pieter",Netherlands,Aquatics,Men,2004,0,1,0.5052118779462188
"STULCE, Michael D.",United States,Athletics,Men,1992,1,1,0.5347453576961262
"FRANEK, Jan",Czechoslovakia,Boxing,Men,1980,0,0,0.47369134297337434
"SAITOV, Oleg",Russia,Boxing,Men,2004,0,1,0.5125785872594153
"KARPOV, Dmitriy",Kazakhstan,Athletics,Men,2004,0,0,0.4942038809587545
"ANDERSEN, Camilla",Denmark,Handball,Women,2000,1,0,0.47767400952980466
"SCHUSTER, Susanne",West Germany,Aquatics,Women,1984,0,1,0.5468017677416308
"LUDWIG, Olaf",East Germany,Cycling,Men,1980,0,0,0.4740693829076397
"MESA FRESNEDA, German",Cuba,Baseball,Men,1992,1,0,0.471821737126824
"ALEID, Khaled",Saudi Arabia,Equestrian,Men,2000,0,1,0.5149202980712564
"YERLIKAYA, Hamza",Turkey,Wrestling,Men,1996,1,1,0.5161985086878047
"EVERS, Meike",Germany,Rowing,Women,2004,1,0,0.4824865030710424
"THURIG, Karin",Switzerland,Cycling,Women,2008,0,1,0.5268249349800899
"SONG, Seungjun","Korea, South",Baseball,Men,2008,1,0,0.4932214801706361
"MARQUIS, Gail Annette",United States,Basketball,Women,1976,0,1,0.5412021577417634
"HOLMERTZ, Anders",Sweden,Aquatics,Men,1996,0,1,0.5265533145410212
"BALOV, Stoyan",Bulgaria,Wrestling,Men,1988,0,0,0.4548141354468848
"STADNIUK, Ryszard",Poland,Rowing,Men,1980,0,1,0.5032777155821369
"PASPALJ, Zarko",Yugoslavia,Basketball,Men,1996,0,1,0.5384334334785282
"CSEH, Laszlo",Hungary,Aquatics,Men,2008,0,0,0.4889261338921831
"ROBU, Doina",Romania,Rowing,Women,1992,0,1,0.5126974266920695
"NOESTVOLD, Tonje",Norway,Handball,Women,2008,1,1,0.5083607296410059
"EVERETT, Adam",United States,Baseball,Men,2000,1,1,0.536138031924308
"SMITH, Katie",United States,Basketball,Women,2008,1,1,0.5394393556104854
"EGORCHEV, Andrey",Russia,Volleyball,Men,2004,0,1,0.5043709775227496
"DOUILLET, David",France,Judo,Men,1992,0,0,0.47603606483833644
"MULAUDZI, Mbulaeni",South Africa,Athletics,Men,2004,0,1,0.5201516967374334
"SZABO, Ecaterina",Romania,Gymnastics,Women,1984,0,1,0.5151303591057185
"SERDYUK, Oleksandr",Ukraine,Archery,Men,2004,0,1,0.5326241759268081
"CRUDGINGTON, Carolyn",Australia,Softball,Women,1996,0,0,0.4585494608998786
"SOJO, Victor",Spain,Hockey,Men,2008,0,1,0.5138249171276772
"SCHLAAK-JAHL, Evelin",East Germany,Athletics,Women,1980,1,0,0.48288993573012473
"GREGORY, Elvis",Cuba,Fencing,Men,1992,0,0,0.46969463684280915
"HOGREFE, Dietmar",West Germany,Equestrian,Men,1984,0,1,0.5371699073653928
"HOLIDIS, Charalambos",Greece,Wrestling,Men,1984,0,0,0.4715783121238226
"PINZI, Giampiero",Italy,Football,Men,2004,0,0,0.48596135134153573
"LUNA CASTELLANO, Diadenis",Cuba,Judo,Women,1996,0,0,0.472417680911351
"RECK, Thomas Werner",West Germany,Hockey,Men,1984,0,1,0.5327844493364231
"DERIKX, Rob",Netherlands,Hockey,Men,2004,0,1,0.5005648735999992
"BONDARCHUK, Anatoli",Soviet Union,Athletics,Men,1976,0,1,0.5236391040064653
"VENDT, Erik",United States,Aquatics,Men,2008,1,1,0.535212103919772
"LAY, Jeffrey",Canada,Rowing,Men,1996,0,0,0.4602634050529286
"QIU, Chen",China,Basketball,Women,1984,0,0,0.4740639075472074
"BOBRUS-PARADNIK, Liudmila",Soviet Union,Handball,Women,1980,1,1,0.524042236335912
"KARAS, Tomas",Czech Republic,Rowing,Men,2004,0,0,0.4657942359723358
"PACE, Darrell Owen",United States,Archery,Men,1988,0,1,0.536176482821931
"FREEMAN, Michele",Jamaica,Athletics,Women,1996,0,1,0.5002603871717733
"JIANG, Ying",China,Volleyball,Women,1984,1,0,0.4643765312882965
"BRODIE, Leith",Australia,Aquatics,Men,2008,0,0,0.4631092469785145
"WUTTKE, Wolfram",West Germany,Football,Men,1988,0,1,0.5333047690340929
"KUHN, Dieter",East Germany,Football,Men,1980,0,0,0.47265960244375593
"HUIZINGA, Mark",Netherlands,Judo,Men,2000,1,0,0.4993299357389976
"GRIMMEL, Torben",Denmark,Shooting,Men,2000,0,0,0.4665462624921278
"SCHRECK, Ulrich Rainer",Germany,Fencing,Men,1992,1,0,0.4776525402762785
"BROWN, Ian",Australia,Sailing,Men,1976,0,0,0.4537720718416778
"FRINTU, Rodica",Romania,Rowing,Women,1980,0,1,0.5150187601523022
"HONEY, Gary",Australia,Athletics,Men,1984,0,0,0.4613784187081353
"REIN, Andrew Roland",United States,Wrestling,Men,1984,0,1,0.5215496318307279
"KHABARELI, Shota",Soviet Union,Judo,Men,1980,1,1,0.5148983970133123
"WANG, Xu",China,Wrestling,Women,2004,1,0,0.4604955601137075
"OREMANS, Miriam",Netherlands,Tennis,Women,2000,0,1,0.5001882957058855
"GROZDEVA, Maria",Bulgaria,Shooting,Women,2004,0,0,0.46433066789634403
"AZARIAN, Eduard",Soviet Union,Gymnastics,Men,1980,1,1,0.5182236564960189
"KNAPE-LINDBERGH, Ulrika",Sweden,Aquatics,Women,1976,0,1,0.5331121716504136
"ROZSA, Norbert",Hungary,Aquatics,Men,1992,0,0,0.48668470554362553
"GHERMAN, Marius Costel",Romania,Gymnastics,Men,1988,0,1,0.5109716134614074
"TIAINEN, Juha",Finland,Athletics,Men,1984,1,0,0.4798165126278241
"ROUSER, Jason",United States,Athletics,Men,1996,1,1,0.5350745015595568
"UPHOFF-BECKER, Nicole",West Germany,Equestrian,Women,1988,1,1,0.5412376046940337
"SONG, Ji-Hyun","Korea, South",Handball,Women,1988,1,0,0.4951859087421965
"ORTIZ CALVO, Tania",Cuba,Volleyball,Women,1992,1,0,0.4664116858962676
"VIUZHANINA, Galina",Soviet Union,Hockey,Women,1980,0,1,0.5198119279664379
"O'CONNOR, Karen",United States,Equestrian,Women,1996,0,1,0.5382210705480067
"GAEBLER, Roland",Germany,Sailing,Men,2000,0,0,0.4752962578966529
"TRASK, Keith",New Zealand,Rowing,Men,1984,1,0,0.4975636140170789
"WECKER, Andreas",Germany,Gymnastics,Men,1992,0,0,0.4758257544187601
"IKETANI, Yukio",Japan,Gymnastics,Men,1988,0,0,0.48846427322369673
"MARTINEZ, James Michael",United States,Wrestling,Men,1984,0,1,0.5222888643231025
"MIKHAYLOV, Maxim",Russia,Volleyball,Men,2008,0,1,0.5027013914237967
"MONAKOV, Dmitri",Soviet Union,Shooting,Men,1988,1,1,0.511738174681109
"DI CAPUA, Giuseppe",Italy,Rowing,Men,1984,1,0,0.4851947086647932
"GUSHIKEN, Koji",Japan,Gymnastics,Men,1984,1,0,0.4887748204712943
"MALONEY, Kristin",United States,Gymnastics,Women,2000,0,1,0.536902747965493
"CIELO FILHO, Cesar",Brazil,Aquatics,Men,2008,0,0,0.4682513399092336
"REZENDE, Bruno",Brazil,Volleyball,Men,2008,0,0,0.45190995069518286
"LANDVOIGT, Bernd",East Germany,Rowing,Men,1976,1,0,0.4693568714044534
"TURA, Eshetu",Ethiopia,Athletics,Men,1980,0,0,0.4791403506057593
"MARTYNOV, Sergei",Belarus,Shooting,Men,2000,0,0,0.4541278022630414
"HORTON, Jonathan",United States,Gymnastics,Men,2008,0,1,0.5310154576771349
"GYURTA, Daniel",Hungary,Aquatics,Men,2004,0,0,0.4883475048406809
"LONGO-CIPRELLI, Jeannie",France,Cycling,Women,1996,1,0,0.4850432797136833
"KHAMUTTSKIKH, Vadim",Russia,Volleyball,Men,2000,0,1,0.5035775062875677
"MEILING, Marc",West Germany,Judo,Men,1988,0,1,0.5328026205450268
"VARDANYAN, Armen",Ukraine,Wrestling,Men,2008,0,1,0.5175804713163278
"PRINZ, Birgit",Germany,Football,Women,2000,0,0,0.4838339596134836
"PRINCE, Tayshaun",United States,Basketball,Men,2008,1,1,0.5333715041229475
"LEWIS, Steve",United States,Athletics,Men,1988,1,1,0.5363044520087922
"BROOKS, Travis",Australia,Hockey,Men,2008,0,0,0.4553657546821258
"HAENEL, Harold",United States,Sailing,Men,1988,0,1,0.5282393977428487
"BEYER, Udo",East Germany,Athletics,Men,1976,1,0,0.47945691406363955
"KRINGEN, Goeril",Norway,Football,Women,2000,1,1,0.5103702647514663
"KUPCHAK, Mitchell",United States,Basketball,Men,1976,1,1,0.5350054002638207
"ISASI, Joel",Cuba,Athletics,Men,1992,0,0,0.47382717183462114
"TARPLEY, Lindsay",United States,Football,Women,2004,1,1,0.5359800836677552
"SEICK, Karin",West Germany,Aquatics,Women,1984,0,1,0.5467837865267918
"THORPE, Ian",Australia,Aquatics,Men,2004,1,0,0.45982738033402554
"CHENEY, Grahame",Australia,Boxing,Men,1988,0,0,0.4600256347109978
"MARAGALL VERGE, Elisabeth",Spain,Hockey,Women,1992,1,1,0.5218962554667198
"HOFFMANN, Beata",Hungary,Handball,Women,1996,0,0,0.48770624781741134
"HORE, Kerry",Australia,Rowing,Women,2004,0,0,0.4592306766012307
"OLIVEIRA, Aguilmar",Brazil,Football,Men,1984,0,0,0.4604496771302023
"SAVON, Felix",Cuba,Boxing,Men,1992,1,0,0.4698695110370741
"ESCHER, Gitta",East Germany,Gymnastics,Women,1976,0,0,0.47979968980993726
"DEMATTEI, Susan",United States,Cycling,Women,1996,0,1,0.5407424214977871
"RAUHE, Ronald",Germany,Canoe / Kayak,Men,2008,0,0,0.47926244959960274
"DANIELOV, Gheorghe",Romania,Canoe / Kayak,Men,1976,0,1,0.5144624737990877
"NISOVIC, Mirko",Yugoslavia,Canoe / Kayak,Men,1984,1,1,0.5377184496865216
"MCDONALD, Debbie",United States,Equestrian,Women,2004,0,1,0.5383852699992933
"MAZZONI, Angelo",Italy,Fencing,Men,1984,0,0,0.48745774865438724
"BASINSKI, Igor",Belarus,Shooting,Men,1996,0,0,0.45637869122482494
"PASTUSZKA, Aneta",Poland,Canoe / Kayak,Women,2000,0,1,0.5157202331810259
"FIORAVANTI, Domenico",Italy,Aquatics,Men,2000,1,0,0.49409457333798634
"SMITH, Andrew",Australia,Hockey,Men,2008,0,0,0.45228873121092417
"PAN, Wenli",China,Volleyball,Women,1996,0,0,0.4629613646647237
"OTZEN, Christina",Denmark,Sailing,Women,2004,0,0,0.4720477381915608
"MANIANI-TZELILI, Mirella",Greece,Athletics,Women,2004,0,0,0.49080246110523545
"RÜHN, Melita",Romania,Gymnastics,Women,1980,0,1,0.5156277865381349
"MAKAVEEVA, Petkana",Bulgaria,Basketball,Women,1976,0,0,0.47161785250438437
"HE, Liping",China,Softball,Women,1996,0,0,0.4671590598095119
"GAUGEL, Heidi-Elke",West Germany,Athletics,Women,1984,0,1,0.547894803878561
"LEE, Sung Jin","Korea, South",Archery,Women,2004,1,1,0.5029798417084262
"SCHUTTPELZ, Barbara",West Germany,Canoe / Kayak,Women,1984,0,1,0.5429377422666525
"JOHNSON, Shawn",United States,Gymnastics,Women,2008,0,1,0.537393259538538
"GREENE, Maurice",United States,Athletics,Men,2000,1,1,0.5369386037272166
"PERIS-KNEEBONE, Nova",Australia,Hockey,Women,1996,1,0,0.45963331194576706
"BILOZERCHEV, Dmitri",Soviet Union,Gymnastics,Men,1988,1,1,0.5178986954699649
"TORRES, Regla",Cuba,Volleyball,Women,2000,1,0,0.4652415241557703
"CAULKINS, Tracy Anne",United States,Aquatics,Women,1984,1,1,0.5456463988279564
"LAUTERSTEIN, Andrew",Australia,Aquatics,Men,2008,0,0,0.461439883144809
"GOERTZ, Armin",West Germany,Football,Men,1988,0,1,0.5362495949980441
"UHLIG, Frank",East Germany,Football,Men,1980,0,0,0.47078407111489484
"BAROUH, Francois",France,Canoe / Kayak,Men,1984,0,0,0.4813138700562078
"CRONE, Philipp",Germany,Hockey,Men,2004,0,0,0.4778814101730194
"RONZHINA, Olena",Ukraine,Rowing,Women,1996,0,1,0.5306592560503733
"FERREIRA, Wayne",South Africa,Tennis,Men,1992,0,1,0.5103082496338098
"OLABERRIA, Leire",Spain,Cycling,Women,2008,0,1,0.5244797017164852
H:: AHLERICH,West Germany,Equestrian,Men,1984,1,1,0.537316909641908
"BALKENHOL, Klaus",Germany,Equestrian,Men,1992,1,0,0.48140958464938166
"BOTSFORD, Beth",United States,Aquatics,Women,1996,1,1,0.5455644581513919
"MARGALL TAULER, Jose Maria",Spain,Basketball,Men,1984,0,1,0.5204745379063983
"KHAN, Hanir",Pakistan,Hockey,Men,1984,1,1,0.5033018808665327
"ZAOUI, Mohamed",Algeria,Boxing,Men,1984,0,0,0.4544282389059092
"SAEI, Hadi",Iran,Taekwondo,Men,2008,1,0,0.4774628293128033
"TISHCHENKO, Vadim",Soviet Union,Football,Men,1988,1,1,0.5149472521873154
"ROGERS, Philip John",Australia,Aquatics,Men,1996,0,0,0.46056681596943494
"PAWLOWSKI, Janusz",Poland,Judo,Men,1988,0,1,0.5049153527844812
"DOPIERALA, Marek",Poland,Canoe / Kayak,Men,1988,0,1,0.5114090341280902
"REIHER, Hendrik",Germany,Rowing,Men,1992,0,0,0.4740069043951244
"DOBERSCHÜTZ, Gerlinde",East Germany,Rowing,Women,1988,1,0,0.47691484746936985
"DAHLE, Gunn-Rita",Norway,Cycling,Women,2004,1,1,0.5132421356215364
"GUDZINEVICIUTE, Daina",Lithuania,Shooting,Women,2000,1,0,0.4972044376997109
"OKUBO, Hideaki",Japan,Baseball,Men,1996,0,0,0.4915381436794109
"JOINES, Jennifer",United States,Volleyball,Women,2008,0,1,0.5301912637750881
"LEGIEN, Waldemar",Poland,Judo,Men,1988,1,1,0.5056852550497943
"DAVIS, Pauline Elaine",Bahamas,Athletics,Women,1996,0,0,0.4704656344960197
"KOSEDOWSKI, Leszek",Poland,Boxing,Men,1976,0,1,0.5111088222852453
"RAMPONE, Christie",United States,Football,Women,2004,1,1,0.536620470544366
"MISHINA, Masumi",Japan,Softball,Women,2004,0,0,0.48930750638267356
"HUNTER, Mark",United Kingdom,Rowing,Men,2008,1,1,0.52754362463726
"JOHNSON, David Allan",United States,Athletics,Men,1992,0,1,0.5366979411356133
"BYKOVA, Natalia",Soviet Union,Hockey,Women,1980,0,1,0.5233437985327883
RAFAEL SOBIS,Brazil,Football,Men,2008,0,0,0.4596979553721146
"LI, Na",China,Fencing,Women,2000,0,0,0.47187516282943665
"HIMMEL, Gerhard",West Germany,Wrestling,Men,1988,0,1,0.527136290609295
"SRECKI, Eric",France,Fencing,Men,2000,0,0,0.4759495711402384
"JAGER, Thomas Michael",United States,Aquatics,Men,1988,0,1,0.5379412533502043
"DEVETZI, Hrysopiyi",Greece,Athletics,Women,2008,0,0,0.492275234153946
"SOBCZAK, Ryszard",Poland,Fencing,Men,1992,0,1,0.50698009849976
"PIJETLOVIC, Dusko",Serbia,Aquatics,Men,2008,0,1,0.5181587595588855
"OZAL, Mehmet",Turkey,Wrestling,Men,2004,0,1,0.5174313883363337
"NALL, Anita",United States,Aquatics,Women,1992,1,1,0.5433642886105478
"BENKO, Lindsay",United States,Aquatics,Women,2000,1,1,0.5455973639726563
"FREIMUTH, Jörg",East Germany,Athletics,Men,1980,0,0,0.4785765394463964
"OLIKHVER, Ruslan",Russia,Volleyball,Men,2000,0,1,0.5025740502359891
"PRIESTMAN, Richard John",United Kingdom,Archery,Men,1988,0,1,0.5353091007774722
"LESOVAIA, Tatiana",Soviet Union,Athletics,Women,1980,0,1,0.5283279126924454
"FORD, Philip Jackson, Jr.",United States,Basketball,Men,1976,1,1,0.5359642864410918
"LEE, Ho-Youn","Korea, South",Handball,Women,1992,1,0,0.4965482404590754
"ABERNATHY, Brent",United States,Baseball,Men,2000,1,1,0.5371273099726535
"ROBINSON, Fiona",Australia,Basketball,Women,1996,0,0,0.4643601304504098
"CIELO FILHO, Cesar",Brazil,Aquatics,Men,2008,1,0,0.4682513399092336
"TORRES, Dara",United States,Aquatics,Women,2000,1,1,0.5420477859092977
"WARRER, Jonas",Denmark,Sailing,Men,2008,1,0,0.46418156078740197
"NAKADA, Kumi",Japan,Volleyball,Women,1984,0,0,0.48680047909725443
"HARVEY, Mary",United States,Football,Women,1996,1,1,0.5384607327217265
"LEVY, Maximilian",Germany,Cycling,Men,2008,0,0,0.47966752900658177
"YU, Jung-Hyae","Korea, South",Volleyball,Women,1976,0,0,0.4880511962564129
"THUN, Kjersti",Norway,Football,Women,1996,0,1,0.5086460487054167
"HATCH, Annia",United States,Gymnastics,Women,2004,0,1,0.5377486507871292
"HERMIDA RAMOS, Jose Antonio",Spain,Cycling,Men,2004,0,1,0.5193241957095919
"POPOV, Alexander",Unified team,Aquatics,Men,1992,0,1,0.5344782948263046
"MKRCHYAN, Armen",Armenia,Wrestling,Men,1996,0,0,0.4456519764876074
"FISCHER, Birgit",Germany,Canoe / Kayak,Women,2000,1,0,0.4880606114363118
"PETRENKO, Sergei",Soviet Union,Canoe / Kayak,Men,1976,1,1,0.5182635372343479
"SCALZO, Giovanni",Italy,Fencing,Men,1988,0,0,0.4864676539544665
"PACHECO, Antonio",Cuba,Baseball,Men,1996,1,0,0.47139430803151666
"GIRLEANU, Dan",Romania,Volleyball,Men,1980,0,1,0.5038770934448291
"HARRIGAN, Lori",United States,Softball,Women,2000,1,1,0.5334088554068649
"CONTE, Javier",Argentina,Sailing,Men,2000,0,0,0.45175662807748446
"DELIS, Luis",Cuba,Athletics,Men,1980,0,0,0.4748777158807575
"ARMASESCU, Mihaela",Romania,Rowing,Women,1988,0,1,0.5158654964462044
"GONCHAROV, Aleksandr",Soviet Union,Hockey,Men,1980,0,1,0.5160006804372175
"HANEL, Horst-Ulrich",West Germany,Hockey,Men,1984,0,1,0.5345157034159386
"SANTOS, Ricardo",Brazil,Volleyball,Men,2008,0,0,0.4517432344897339
"MARCHENKO, Vladimir",Soviet Union,Gymnastics,Men,1976,0,1,0.5160752495797858
"BOIVIN, Olivier",France,Canoe / Kayak,Men,1992,0,0,0.48100513373589443
"JOSEPHSON, Karen",United States,Aquatics,Women,1988,0,1,0.5443998945622501
"BORCHMANN, Anke",East Germany,Rowing,Women,1976,1,0,0.47762588869338807
"FRITZ, Henning",Germany,Handball,Men,2004,0,0,0.4780180389549519
"WORONIN, Marian",Poland,Athletics,Men,1980,0,1,0.511027317636904
"BECKER, Britta",Germany,Hockey,Women,1992,0,0,0.4851357006331013
"KOOLEN, Nicole",Netherlands,Hockey,Women,1996,0,1,0.5061569299899837
"SZARMACH, Andrzej",Poland,Football,Men,1976,0,1,0.5065789388134876
"LI, Xin",China,Basketball,Women,1992,0,0,0.47479952526337016
"LONG, Matthew",Australia,Rowing,Men,2000,0,0,0.45205697746208745
"ARNDT, Judith",Germany,Cycling,Women,2004,0,0,0.488368159697234
"GIL, Young-Ah","Korea, South",Badminton,Women,1996,1,1,0.5029465273772243
"HARRISON, Alvin",United States,Athletics,Men,2000,0,1,0.536825365229
"MÜLLER, Kerstin",Germany,Rowing,Women,1992,1,0,0.4810495934075936
"GOLOTA, Andrzej",Poland,Boxing,Men,1988,0,1,0.5115852038099201
"AVLUCA, Nazmi",Turkey,Wrestling,Men,2008,0,1,0.5200653090865399
"KUTSENKO, Yuri",Soviet Union,Athletics,Men,1980,0,1,0.5218735219978656
"TSUKAHARA, Naoki",Japan,Athletics,Men,2008,0,0,0.4913372298517991
"KLINSMANN, Jurgen",West Germany,Football,Men,1988,0,1,0.5355987710690101
"HILL, Jo",Australia,Basketball,Women,2000,0,0,0.465986341803647
"HINCH, A.J.",United States,Baseball,Men,1996,0,1,0.5357191353852229
"JANKOVIC, Ljubinka",Yugoslavia,Handball,Women,1984,1,1,0.5420241647253716
"BODNER-LASER, Christine",East Germany,Athletics,Women,1976,0,0,0.4859896591216628
"TUCKER, Scott",United States,Aquatics,Men,1996,1,1,0.5355470080140061
"EVERS-SWINDELL, Georgina",New Zealand,Rowing,Women,2004,1,1,0.5066252725453735
"PODKOPAYEVA, Lilia",Ukraine,Gymnastics,Women,1996,1,1,0.5336605188282985
"WILLIAMS, John",United States,Equestrian,Men,2004,0,1,0.5301434113392576
"LEZIN, Alexei",Russia,Boxing,Men,1996,0,1,0.5138594835473939
"WALDO, Carolyn",Canada,Aquatics,Women,1988,1,0,0.47445101547414126
"KAMACHI, Takeo",Japan,Shooting,Men,1984,1,0,0.48449151737822743
"JURINA, Pavle",Yugoslavia,Handball,Men,1984,1,1,0.5354042824791614
"CHIELLINI, Giorgio",Italy,Football,Men,2004,0,0,0.48835965957535926
"RADJEN, Nikola",Serbia,Aquatics,Men,2008,0,1,0.5180477489767921
"KNOX, Emma",Australia,Aquatics,Women,2008,0,0,0.4681826835246255
"SHAPOSHNIKOV, Leonid",Ukraine,Rowing,Men,2004,0,1,0.5237374577295518
"UDOVICIC, Vanja",Serbia,Aquatics,Men,2008,0,1,0.5172390146514898
"KEBEDE, Tsegay",Ethiopia,Athletics,Men,2008,0,0,0.4807055120970422
"LI, Jin-He",China,Weightlifting,Men,1988,0,0,0.45670780280119516
"WANG, Hee-Kyung","Korea, South",Archery,Women,1988,1,1,0.5013604318333599
"SANTOS BATISTA, Joao",Brazil,Football,Men,1988,0,0,0.4598613644531547
"MEISSNER, Katrin",East Germany,Aquatics,Women,1988,1,0,0.48472876674890286
"OH, Young-Ki","Korea, South",Handball,Men,1988,0,0,0.48937694625704936
"WILKE, Marina",East Germany,Rowing,Women,1980,1,0,0.4737838868138915
"KRAUSE, Roswitha",East Germany,Handball,Women,1980,0,0,0.47814426669978083
"VAN DE KIEFT, Fleur",Netherlands,Hockey,Women,2000,0,1,0.5040829938680246
"LE CORGUILLE, Laetitia",France,Cycling,Women,2008,0,0,0.48495108571564877
"WILLOUGHBY, Timothy",Australia,Rowing,Men,1984,0,0,0.4504781521036316
"GEDOVARI, Imre",Hungary,Fencing,Men,1988,1,0,0.4832705778573812
"BERGODD, Arne",Norway,Rowing,Men,1976,0,1,0.5026396403152086
"ZIJLAARD-VAN MOORSEL, Leontien",Netherlands,Cycling,Women,2000,1,1,0.5070294698356653
"JONES, Megan",Australia,Equestrian,Women,2008,0,0,0.4633953402439874
"SZCZERBA, Kazimierz",Poland,Boxing,Men,1980,0,1,0.5092816698120519
"LIM, Jong-Chun","Korea, South",Hockey,Men,2000,0,0,0.4891818283230544
"PIETRUSZKA, Frederic",France,Fencing,Men,1980,1,0,0.47694550162799965
"HEHN, Hans-Jürgen",West Germany,Fencing,Men,1976,0,1,0.5368372550067971
"YANG, Ling",China,Shooting,Men,1996,1,0,0.4583887061540644
"MARACSKO, Tibor",Hungary,Modern Pentathlon,Men,1980,0,0,0.47891393316494707
"DINARES, Juan",Spain,Hockey,Men,1996,0,1,0.5167797776650076
"SIMION, Marian",Romania,Boxing,Men,1996,0,1,0.5118704560722016
"SEFIK, Denis",Serbia,Aquatics,Men,2004,0,1,0.51781070009505
"SNEP, Ioan Gabor",Romania,Rowing,Men,1988,0,1,0.5058489423648675
"KOCH, Beate",East Germany,Athletics,Women,1988,0,0,0.4841845596968293
"BURDISSO, Nicolas",Argentina,Football,Men,2004,1,0,0.4557346197451438
"ADAM, Jiri",Czechoslovakia,Modern Pentathlon,Men,1976,0,0,0.4693069434600599
"KOOIJMAN, Hendrik Jan",Netherlands,Hockey,Men,1988,0,0,0.49973317514224136
"KIM, Soo-Nyung","Korea, South",Archery,Women,1992,1,1,0.5035020555363983
"GATLIN, Justin",United States,Athletics,Men,2004,0,1,0.5369823517992185
"MALATO, Giusy",Italy,Aquatics,Women,2004,1,0,0.4993068497265581
"DAMIANI, Francesco",Italy,Boxing,Men,1984,0,0,0.49139420010394946
"DYLDIN, Maksim",Russia,Athletics,Men,2008,0,1,0.517106004981277
"MENDIVIL YOCUPICIO, Manuel",Mexico,Equestrian,Men,1980,0,0,0.4981002633935904
"BUSCHSCHULTE, Antje",Germany,Aquatics,Women,2004,0,0,0.4924568378879461
"KUSAKABE, Kie",Japan,Judo,Women,2000,0,0,0.4926760052571889
"WILLIAMS, James",United States,Fencing,Men,2008,0,1,0.529512415340693
"HERNANDEZ, Maria de la Paz",Argentina,Hockey,Women,2004,0,0,0.45960807185371516
"BROWN, Kiel",Australia,Hockey,Men,2008,0,0,0.45535886278384735
"SATO, Hisayoshi",Japan,Aquatics,Men,2008,0,0,0.4929958193502654
"STRASBURG, Stephen",United States,Baseball,Men,2008,0,1,0.5333398762884701
"RAKHMATULINA, Oxana",Russia,Basketball,Women,2008,0,1,0.5198184470242602
"CAPLJIC, Vlado",Yugoslavia,Football,Men,1984,0,1,0.5377231505404039
"IHLE, Andreas",Germany,Canoe / Kayak,Men,2008,1,0,0.4808034384976796
"MUSUMECI, Maddalena",Italy,Aquatics,Women,2004,1,0,0.49899731121179947
"KHUBULURI, Tengiz",Soviet Union,Judo,Men,1980,0,1,0.5148825867138511
"KIM, Mi-Jung","Korea, South",Judo,Women,1992,1,0,0.4957202624405535
"LAWRENCE, Tanya",Jamaica,Athletics,Women,2000,0,0,0.49917660309853307
"MATEI, Ilie",Romania,Wrestling,Men,1984,0,1,0.5014952556387756
"LI, Chunxiu",China,Athletics,Women,1992,0,0,0.47648064672948065
"BARANOVA, Elena",Unified team,Basketball,Women,1992,1,1,0.5410799600303395
"FINCH, Jennie",United States,Softball,Women,2008,0,1,0.5336113206154395
"STITTS, Staciana",United States,Aquatics,Women,2000,1,1,0.5422631532089598
"SCHRECK, Ulrich Rainer",West Germany,Fencing,Men,1988,0,1,0.5346738507722089
"MUIS, Marianne",Netherlands,Aquatics,Women,1988,0,1,0.5134099386672032
"KOBAYASHI, Masahide",Japan,Baseball,Men,2004,0,0,0.49227588267368566
"YANG, Yilin",China,Gymnastics,Women,2008,0,0,0.46857060749714213
"COLANDER, LaTasha",United States,Athletics,Women,2000,1,1,0.544123239348794
"CRISTALDO, Ernesto",Paraguay,Football,Men,2004,0,1,0.5070397463648618
"BURGESS, Simon",Australia,Rowing,Men,2000,0,0,0.45383043494073744
"LAW, Leslie",United Kingdom,Equestrian,Men,2000,0,1,0.5315895269587035
"DURAND JR., Pierre",France,Equestrian,Men,1988,1,0,0.4794196513769211
"PEDROSO, Carlos",Cuba,Fencing,Men,2000,0,0,0.46792419042610045
"ULACIA, Luis",Cuba,Baseball,Men,2000,0,0,0.4702653624352934
"SCIARRA, Laurent",France,Basketball,Men,2000,0,0,0.4789140230274914
"AMUNIKE, Emmanuel",Nigeria,Football,Men,1996,1,1,0.5051420827526385
"SEMENOVA, Iuliana",Soviet Union,Basketball,Women,1976,1,1,0.525485466489562
"DE BRUIJN, Inge",Netherlands,Aquatics,Women,2000,1,1,0.5150523737303921
"KIMURA, Saeko",Japan,Aquatics,Women,1984,0,1,0.5015237604456549
"BONAMICO, Marco",Italy,Basketball,Men,1980,0,0,0.49239847851346374
"MAKSIMOVIC, Goran",Yugoslavia,Shooting,Men,1988,1,1,0.5313920391649426
"GOPCEVIC, Zoran",Yugoslavia,Aquatics,Men,1980,0,1,0.5431282424870172
"ZAKHAROVA-NADIROVA, Tatiana",Soviet Union,Basketball,Women,1976,1,1,0.5246292488545342
"SIMAGINA, Irina",Russia,Athletics,Women,2004,0,1,0.5211847922665971
"MARTIROSYAN, Tigran Varban",Armenia,Weightlifting,Men,2008,0,0,0.4461332016941489
"WADDELL, Rob",New Zealand,Rowing,Men,2000,1,0,0.4970653111679659
"VERBEEK, Tonya",Canada,Wrestling,Women,2004,0,0,0.4592462937087056
"SHEEHY, Kathy",United States,Aquatics,Women,2000,0,1,0.5424470843076816
"KROMOWIDJOJO, Ranomi",Netherlands,Aquatics,Women,2008,1,1,0.5136428329044673
"JANKOWSKI, Wojciech",Poland,Rowing,Men,1992,0,1,0.5049892939440279
"CARVAJAL, Magaly Esther",Cuba,Volleyball,Women,1996,1,0,0.4686311819028596
"MARTYNOV, Sergei",Belarus,Shooting,Men,2004,0,0,0.45405048496321576
"PETTINARI, Leonardo",Italy,Rowing,Men,2000,0,0,0.4827243733695403
"WOODHEAD, Cynthia Lee",United States,Aquatics,Women,1984,0,1,0.5420256019052392
"GREGORKA, Alison",United States,Aquatics,Women,2008,0,1,0.544423963943723
"QUIROT, Ana Fidelia",Cuba,Athletics,Women,1996,0,0,0.478833526036808
"KIM, Sung-Moon","Korea, South",Wrestling,Men,1988,0,0,0.48253876341233104
"NAGATSUKA, Tomohiro",Japan,Cycling,Men,2004,0,0,0.4892919921294112
"CHO, Youn-Jeong","Korea, South",Archery,Women,1992,1,1,0.504751320263855
"GILLE, Christian",Germany,Canoe / Kayak,Men,2008,0,0,0.4811668717882371
"BATTISTELLI, Stefano",Italy,Aquatics,Men,1992,0,0,0.4950833069690898
"ZHOU, Chunxiu",China,Athletics,Women,2008,0,0,0.47402845379408654
"LI, Hongli",China,Weightlifting,Men,2008,0,0,0.4563231763009824
"BECIRSPAHIC, Mersada",Yugoslavia,Basketball,Women,1980,0,1,0.5479127199241531
"ZÜHLKE, Steffen",East Germany,Rowing,Men,1988,0,0,0.46685639362888254
"AJILORE, Ebenezer",Nigeria,Football,Men,2008,0,1,0.5049483180922432
"DAN, Aurora",Romania,Fencing,Women,1984,0,1,0.5192137406459358
"WERTH, Isabell",Germany,Equestrian,Women,1992,1,0,0.4840427147057854
"KOSHKIN, Aleksandr",Soviet Union,Boxing,Men,1980,0,1,0.5197398797115387
"BRADY, James",United States,Sailing,Men,1992,0,1,0.52912263349722
"KIM, In-Sub","Korea, South",Wrestling,Men,2000,0,0,0.48232247480842083
"SCHMID, Sven",Germany,Fencing,Men,2004,0,0,0.4774317989987577
"ILIADIS, Ilias",Greece,Judo,Men,2004,1,0,0.4777735851647975
"MARTIN-ONDIEKI-O'DEA, Lisa",Australia,Athletics,Women,1988,0,0,0.4669773143721344
"AHMED SALAH, Hussein",Djibouti,Athletics,Men,1988,0,0,0.47816902585173854
"KHORKINA, Svetlana",Russia,Gymnastics,Women,2000,0,1,0.5173772611798607
"ZAFIU, Mihai",Romania,Canoe / Kayak,Men,1980,0,1,0.5108444984158899
"HERRERA ORTIZ, Hector",Cuba,Athletics,Men,1992,0,0,0.4739580402467225
"PRIOR-PALMER-GREEN, Lucinda",United Kingdom,Equestrian,Women,1984,0,1,0.5375008558131515
"CERIONI, Stefano",Italy,Fencing,Men,1988,1,0,0.489277320669385
"SKIATHITIS, Nikolaos",Greece,Rowing,Men,2004,0,0,0.4747431833860429
"KURTANIDZE, Eldari",Georgia,Wrestling,Men,1996,0,0,0.4688066967958745
"FETZER, Brigitte",East Germany,Volleyball,Women,1980,0,0,0.4724359743495929
"KHADEM AZGHADI, Amir Reza",Iran,Wrestling,Men,1996,0,0,0.4764039494296396
"SIMONCELLI, Stefano",Italy,Fencing,Men,1976,0,0,0.48655947821964396
"BOGUINSKAIA, Svetlana",Unified team,Gymnastics,Women,1992,1,1,0.5370472301732427
"TOUYA, Damien",France,Fencing,Men,2000,0,0,0.4756846522639778
"RIBEIRO, Edson",Brazil,Athletics,Men,1996,0,0,0.4648477154578016
"BRYZGINA, Olga",Unified team,Athletics,Women,1992,1,1,0.5424800484190575
"OMNES, Philippe",France,Fencing,Men,1992,1,0,0.47687344843201507
"VALDES BERRIEL, Jorge Luis",Cuba,Baseball,Men,1992,1,0,0.47039884059367165
"BRINKMAN, Jacques",Netherlands,Hockey,Men,1988,0,1,0.501256940062371
"FERNANDEZ, Lisa",United States,Softball,Women,2000,1,1,0.533785771989011
"BRUNER, Michael Lee",United States,Aquatics,Men,1976,1,1,0.5393623354361212
"PALMER, Kylie",Australia,Aquatics,Women,2008,1,0,0.4672283446331811
"MOISEEV, Andrey",Russia,Modern Pentathlon,Men,2004,1,1,0.5077364959536819
"NAZAROVA, Olga",Unified team,Athletics,Women,1992,1,1,0.5402495260044403
"ESTIARTE, Manuel",Spain,Aquatics,Men,1992,0,1,0.5244855340712533
"FUJII, Raika",Japan,Aquatics,Women,1996,0,1,0.5020262403812706
"PARK, Kyung-Mo","Korea, South",Archery,Men,2008,0,0,0.4955759427199749
"STRONG, Judith Ann",United States,Hockey,Women,1984,0,1,0.5348088372452834
"SATO, Rie",Japan,Softball,Women,2004,0,0,0.4885259370761464
"ZAKIROV, Marat",Russia,Aquatics,Men,2004,0,1,0.5149342868037007
"BAZON, Adriana",Romania,Rowing,Women,1988,0,1,0.5157413416833364
"RAMBEAU, Pascal",France,Sailing,Men,2004,0,0,0.47191322094510246
"VOROPAEV, Aleksei",Russia,Gymnastics,Men,1996,1,1,0.5086559153589655
"VAN DER WIELEN, Suzan",Netherlands,Hockey,Women,1996,0,1,0.5041536305699834
"KICANOVIC, Dragan",Yugoslavia,Basketball,Men,1976,0,1,0.5398945863697103
"CORRAL, Raquel",Spain,Aquatics,Women,2008,0,1,0.5310455044671498
"LITVINOV, Sergei",Soviet Union,Athletics,Men,1988,1,1,0.5215441270015455
"OSTHOLT, Frank",Germany,Equestrian,Men,2008,1,0,0.4784370595070757
"KOVACS, Istvan",Hungary,Boxing,Men,1996,1,0,0.4845485894718694
"SIMEONOV, Kaspar",Bulgaria,Volleyball,Men,1980,0,0,0.4527896262310985
"KUZENKOVA, Olga",Russia,Athletics,Women,2000,0,1,0.5226956199863805
"XUE, Hai Feng",China,Archery,Men,2008,0,0,0.4681289545741696
"ESTEBAN CELLORIO, Jose Maria",Spain,Canoe / Kayak,Men,1976,0,1,0.5209109580841077
"ARRESE, Jordi",Spain,Tennis,Men,1992,0,1,0.5125725518104324
"LE, Jingyi",China,Aquatics,Women,1996,0,0,0.47757227961215226
"CIERPINSKI, Waldemar",East Germany,Athletics,Men,1980,1,0,0.47905619629990304
"THOMPSON-MURDOCK, Margaret",United States,Shooting,Women,1976,0,1,0.532048743826802
"LEWIS, Carl",United States,Athletics,Men,1984,1,1,0.5363862378375375
"SULEYMANOGLU, Naim",Turkey,Weightlifting,Men,1996,1,1,0.5173241226671101
"JANG, Wonsam","Korea, South",Baseball,Men,2008,1,0,0.49514445302724996
"CHENEY, Lauren",United States,Football,Women,2008,1,1,0.5390633981137648
"BREHMER-LATHAN, Christina",East Germany,Athletics,Women,1980,0,0,0.4858411717540639
"DJURIC, Djordje",Yugoslavia,Volleyball,Men,1996,0,1,0.5294020138969958
"TSAI, Wen-Yee",Taiwan,Weightlifting,Men,1984,0,1,0.5119901754523881
"MESKHI, Leila",Unified team,Tennis,Women,1992,0,1,0.5288042761296716
"BRINKLEY, Brian",United Kingdom,Aquatics,Men,1976,0,1,0.5387167703331126
"LJUBICIC, Ivan",Croatia,Tennis,Men,2004,0,0,0.4606650249609914
"MOBERG, Lars-Erik",Sweden,Canoe / Kayak,Men,1984,0,1,0.5218465389124226
"ABBOTT, Monica",United States,Softball,Women,2008,0,1,0.5346662238380743
"BARYSHNIKOV, Aleksandr",Soviet Union,Athletics,Men,1976,0,1,0.5237869790482308
"ALNOUDJI, Nicolas",Cameroon,Football,Men,2000,1,0,0.4648901286005465
"BERG, Laura",United States,Softball,Women,2000,1,1,0.5345314225361909
"SPIRCU, Doina",Romania,Rowing,Women,1996,1,1,0.5122360953675562
"FEDDERSEN, Victor",Denmark,Rowing,Men,1996,1,0,0.46802484592797977
"MORENO PERINAN, Jose Manuel",Spain,Cycling,Men,1992,1,1,0.5184262249293293
"HAMPTON, Millard Frank Jr.",United States,Athletics,Men,1976,1,1,0.5373171265122778
"PETERS, Rotimi",Nigeria,Athletics,Men,1984,0,1,0.5074892144818657
"WILKERSON, Brad",United States,Baseball,Men,2000,1,1,0.5330005958313523
"EINIKIS, Gintaras",Lithuania,Basketball,Men,2000,0,0,0.4988042743055551
"JESPERSEN, Helle",Denmark,Sailing,Women,2004,0,0,0.47321792386011147
"KIM, Kyung-Soon","Korea, South",Handball,Women,1984,0,0,0.496990167316519
"YOUNG, Guard",United States,Gymnastics,Men,2004,0,1,0.5283736707149846
"SAHIN, Ramazan",Turkey,Wrestling,Men,2008,1,1,0.5169136454601275
"FLESSEL-COLOVIC, Laura",France,Fencing,Women,2004,0,0,0.48496521948400134
"HEDDLE, Kathleen",Canada,Rowing,Women,1992,1,0,0.4675569492961657
"SCHOLZ, Anke",Germany,Aquatics,Women,1996,0,0,0.48970778092937345
"WU, Melissa",Australia,Aquatics,Women,2008,0,0,0.4659046604287776
"VERBOV, Alexey",Russia,Volleyball,Men,2008,0,1,0.5012328398071375
"JOVIC, Bozidar",Croatia,Handball,Men,1996,1,0,0.4668723423674112
"MATSUNAGA, Masayuki",Japan,Gymnastics,Men,1992,0,0,0.48754659361984104
"TOMIN, Nikolai",Soviet Union,Handball,Men,1976,1,1,0.5140528534099932
"WOITHE, Jörg",East Germany,Aquatics,Men,1980,1,0,0.4766245700873299
"BRENDEL, Daniela",Germany,Aquatics,Women,1992,0,0,0.49275129322749056
"CLARKE, Davian",Jamaica,Athletics,Men,1996,0,0,0.49415112293057
"ADELEYE, Dele",Nigeria,Football,Men,2008,0,1,0.5049625971862173
"WALLACE, Ken",Australia,Canoe / Kayak,Men,2008,0,0,0.4556275880819833
"BAU, Sabine Christiane",Germany,Fencing,Women,1992,0,0,0.487381344558417
"HANSON, Boden Joseph",Australia,Rowing,Men,2000,0,0,0.4529022427930268
"SAIDI-SIEF, Ali",Algeria,Athletics,Men,2000,0,0,0.4573075117823786
"DOWNEY, Raymond Tyler",Canada,Boxing,Men,1988,0,0,0.4677303363128523
"SUSANU, Viorica",Romania,Rowing,Women,2004,1,1,0.5119791753141223
"LAMAZE, Eric",Canada,Equestrian,Men,2008,1,0,0.46449349866862455
"VOROBIOV, Oleksandr",Ukraine,Gymnastics,Men,2008,0,1,0.5258409257500005
"CHERMOSHANSKAYA, Yuliya",Russia,Athletics,Women,2008,1,1,0.5240049973019624
"SERBAN, Rodica Maria",Romania,Rowing,Women,2008,0,1,0.5121589166619575
"MARTINO, Angel",United States,Aquatics,Women,1992,1,1,0.5436385437064705
"TORRENCE, Gwen",United States,Athletics,Women,1992,1,1,0.5410986352790504
"NIEUWEWNHUIZEN, Anne Lucia (Anneloes)",Netherlands,Hockey,Women,1984,1,1,0.5056093623068079
"MARIE-ROSE, Bruno",France,Athletics,Men,1988,0,0,0.48183860551563573
"MITCHELL, Dennis",United States,Athletics,Men,1992,0,1,0.5358398610312289
"YAMBULATOV, Rustam",Soviet Union,Shooting,Men,1980,0,1,0.5102545158560546
"SUNG, Yu-Chi",Taiwan,Taekwondo,Men,2008,0,1,0.5139431950143661
"STEFANSSON, Olafur",Iceland,Handball,Men,2008,0,0,0.4794648021642357
"HEMMANN, Ralf-Peter",East Germany,Gymnastics,Men,1980,0,0,0.47267819333042277
"SEFIK, Denis",Serbia,Aquatics,Men,2008,0,1,0.5177328238813902
"HUANG, Liping",China,Gymnastics,Men,1996,0,0,0.46492661154352694
"CHOI, Suk-Jae","Korea, South",Handball,Men,1988,0,0,0.49156801015344553
"MAIZTEGUI, Laura",Argentina,Hockey,Women,2000,0,0,0.45883094750401426
"CHLADEK, Dana",United States,Canoe / Kayak,Women,1996,0,1,0.5414879165492344
"SMITH, Rodney",United States,Wrestling,Men,1992,0,1,0.5209944492783402
"GARCIA CAMPOS, Victor",Cuba,Volleyball,Men,1976,0,0,0.4618377036967435
"BATSIUSHKA, Hanna",Belarus,Weightlifting,Women,2004,0,0,0.45888573120066173
"HILLIARD, Brent William",United States,Volleyball,Men,1992,0,1,0.5241553094908921
"ANDRIC, Dragan",Yugoslavia,Aquatics,Men,1984,1,1,0.544228630481759
"FULGER, Mircea",Romania,Boxing,Men,1984,0,1,0.5144685016876874
"LAHODOVA, Jana",Czechoslovakia,Hockey,Women,1980,0,0,0.47483882615978995
"PINSENT, Matthew",United Kingdom,Rowing,Men,1992,1,1,0.5264288015240214
"KARLOVA, Larisa",Soviet Union,Handball,Women,1976,1,1,0.5226974222737554
"CAMERON, Bertland",Jamaica,Athletics,Men,1988,0,0,0.49444250619092756
"PLUMB, John Michael",United States,Equestrian,Men,1976,0,1,0.5318321085225771
"FILIPPOVA, Nadezhda",Soviet Union,Hockey,Women,1980,0,1,0.5227745639335408
"CHTEREVA, Nikolina",Bulgaria,Athletics,Women,1976,0,0,0.4750019340913297
"BARDACH, Georgina",Argentina,Aquatics,Women,2004,0,0,0.4686340908191349
"FREED, Amanda",United States,Softball,Women,2004,1,1,0.5336374580415614
"SALIM, Nazim",Pakistan,Hockey,Men,1976,0,1,0.5019607318634635
"KOZYREVA, Liubov",Soviet Union,Volleyball,Women,1980,1,1,0.5157249597264038
"SHAMENKO, Vladimir",Ukraine,Gymnastics,Men,1996,0,1,0.5266696374962735
"KOCMAN, Vladimir",Czechoslovakia,Judo,Men,1980,0,0,0.4678805536901605
"TANG, Jingzhi",China,Aquatics,Women,2008,0,0,0.4757117485509783
"MAITLAND, Clover",Australia,Hockey,Women,1996,1,0,0.460241513518049
"NERIUS, Steffi",Germany,Athletics,Women,2004,0,0,0.4891138893068467
"BRIENESSE, Karin",Netherlands,Aquatics,Women,1988,0,1,0.5156242455332807
"ATTOLICO, Francesco",Italy,Aquatics,Men,1992,1,0,0.49517129734777016
"DODDS, Richard David Allan",United Kingdom,Hockey,Men,1984,0,1,0.5303767610290274
"MULDER, Eefke",Netherlands,Hockey,Women,2008,1,1,0.5052307151030406
"SANTOS, Adriana Aparecida",Brazil,Basketball,Women,1996,0,0,0.469575104124102
"SANCHEZ SALFRAN, Martha",Cuba,Volleyball,Women,2000,1,0,0.4657762229892648
"LEE, Yongkyu","Korea, South",Baseball,Men,2008,1,0,0.49464970469311
"GORSKI, Mark Brian",United States,Cycling,Men,1984,1,1,0.5339509339495992
"KIM, Young-Hee","Korea, South",Basketball,Women,1984,0,1,0.5014276954197638
"WILLEBOORDSE, Elisabeth",Netherlands,Judo,Women,2008,0,1,0.5031657155949287
"ITO, Kazue",Japan,Softball,Women,2000,0,0,0.4903291135654946
"STEINBACH, Michael",Germany,Rowing,Men,1992,1,0,0.47353540525819926
"JIA, Zhanbo",China,Shooting,Men,2004,1,0,0.4607671384331457
"HALL, Gary Jr.",United States,Aquatics,Men,1996,0,1,0.5380456064048034
"BENITEZ, Pedro",Paraguay,Football,Men,2004,0,1,0.5074568807396105
"DIETSCHE, Hugo",Switzerland,Wrestling,Men,1984,0,1,0.5131432885677855
"VAN DEN HOOGENBAND, Pieter",Netherlands,Aquatics,Men,2004,1,1,0.5052118779462188
"MENSING, Barbara",Germany,Archery,Women,2000,0,0,0.4899571171523685
"KOBAN, Rita",Hungary,Canoe / Kayak,Women,1996,1,0,0.4906362744677258
"VOYEVODIN, Aleksey",Russia,Athletics,Men,2004,0,1,0.5140591366487861
"BELLUCCI, Sandro",Italy,Athletics,Men,1984,0,0,0.4940832809588515
"NICKEL, Rafael",West Germany,Fencing,Men,1984,1,1,0.5354093434427638
"RUTKOWSKI, Tadeusz",Poland,Weightlifting,Men,1976,0,0,0.4986693488183134
"ABSALON, Julien",France,Cycling,Men,2004,1,0,0.4805674189978934
"SUNDAL, Heidi",Norway,Handball,Women,1988,0,1,0.5078167240408713
"JESPERSEN, Eric Albert",Canada,Sailing,Men,1992,0,0,0.4602228826717098
"NEDKOV, Ilian",Bulgaria,Judo,Men,1980,0,0,0.45909727250207166
"BERNARDES DOS SANTOS, Edmar",Brazil,Football,Men,1988,0,0,0.46288110889096595
"BARTALINI, Marcello",Italy,Cycling,Men,1984,1,0,0.49080295301292
"GALLAGHER, Kimberley Ann",United States,Athletics,Women,1988,0,1,0.5438620853292012
"GUNNARSSON, Susanne",Sweden,Canoe / Kayak,Women,1996,1,1,0.5294011000153854
"WODARS, Sigrun",East Germany,Athletics,Women,1988,1,0,0.4819285229544292
"SZCZEPANSKA, Aneta",Poland,Judo,Women,1996,0,1,0.5105421664254335
"TAGA, Nicolaie",Romania,Rowing,Men,1992,0,1,0.5055980907242936
"FORDER, Annemarie",Australia,Shooting,Women,2000,0,0,0.4586482251108798
"MOSES, Edwin",United States,Athletics,Men,1988,0,1,0.5358613745119534
"OZKAN, Huseyin",Turkey,Judo,Men,2000,1,1,0.5241739904738297
"PANERAI, Umberto",Italy,Aquatics,Men,1976,0,0,0.4927471029561193
"PUSCASU, Vasile",Romania,Wrestling,Men,1984,0,1,0.500838742420924
"OLBRICHT, Bernd",East Germany,Canoe / Kayak,Men,1976,0,0,0.47417897739762443
"WAUTERS, Eric",Belgium,Equestrian,Men,1976,0,0,0.4591055157451774
"DAVIS, Hannah",Australia,Canoe / Kayak,Women,2008,0,0,0.46546066481084963
"PERKOVAC, Goran",Yugoslavia,Handball,Men,1988,0,1,0.5341133319162211
"ROSE, Sylvia",East Germany,Rowing,Women,1988,1,0,0.4745287010281148
"BEKETOV, Aleksandr",Russia,Fencing,Men,1996,1,1,0.5135495015228148
"NORD, Kathleen",East Germany,Aquatics,Women,1988,1,0,0.4844607796307391
"KIEFEL, Ronald Alexander",United States,Cycling,Men,1984,0,1,0.5334072793692483
"GREWAL, Alexi S.",United States,Cycling,Men,1984,1,1,0.5339209677995035
"BRAMWELL, Grant",New Zealand,Canoe / Kayak,Men,1984,1,1,0.5065876678596964
"BAILEY, Donovan",Canada,Athletics,Men,1996,1,0,0.4705073616766384
"WEBER-KOSZTO, Monika",Germany,Fencing,Women,2000,0,0,0.48335075290715923
"UPHOFF-BECKER, Nicole",Germany,Equestrian,Women,1992,1,0,0.4842447540205809
"PEREZ, Juan",Spain,Handball,Men,1996,0,1,0.5152269923413607
"CAMPBELL, Jeff",United States,Aquatics,Men,1988,0,1,0.5390700110186274
"FROSSINE, Alexei",Russia,Fencing,Men,2000,1,1,0.5126122515274142
"VAN DER WEIDE, Sander",Netherlands,Hockey,Men,2004,0,0,0.4974181700428363
"BOVELL, George",Trinidad and Tobago,Aquatics,Men,2004,0,1,0.5335299586725906
"SCHULTZ, David Leslie",United States,Wrestling,Men,1984,1,1,0.5213030714440757
"HUTTEN, Tim",United States,Aquatics,Men,2008,0,1,0.537626903407614
"LEPADATU, Victoria",Romania,Rowing,Women,1992,0,1,0.5137403309961274
"DIBABA, Ejegayehu",Ethiopia,Athletics,Women,2004,0,0,0.4883182395138262
"OGNJENOVIC, Mirjana",Yugoslavia,Handball,Women,1984,1,1,0.5408861290062239
"HOLGATE-LENG, Virginia",United Kingdom,Equestrian,Women,1988,0,1,0.538964285959458
"STEENS, Timotheus Bernardus",Netherlands,Hockey,Men,1988,0,0,0.498069313868027
"SONI, Rebecca",United States,Aquatics,Women,2008,1,1,0.542170778418075
"SADOVA, Natalya",Russia,Athletics,Women,2004,1,1,0.5213824306562694
"TKAC, Anton",Czechoslovakia,Cycling,Men,1976,1,0,0.46993508110644655
"EVERS-SWINDELL, Caroline",New Zealand,Rowing,Women,2004,1,1,0.5066256584369742
"LOCHTE, Ryan",United States,Aquatics,Men,2008,1,1,0.5369487062107369
"FERNANDEZ, Lisa",United States,Softball,Women,2004,1,1,0.5337081524749807
"NOWICKI, Mieczyslaw",Poland,Cycling,Men,1976,0,1,0.5091951105487534
"NIKOLAY, Michael",East Germany,Gymnastics,Men,1976,0,0,0.47148276806944317
"HELLICKSON, Russell Owen",United States,Wrestling,Men,1976,0,1,0.5233942773534135
"LEE, Daeho","Korea, South",Baseball,Men,2008,1,0,0.4946674567979785
"ROUMPESI, Antigoni",Greece,Aquatics,Women,2004,0,0,0.49102330174803444
"GRAHAM, Kim",United States,Athletics,Women,1996,1,1,0.5435648484276205
"MAKHORIN, Viktor",Soviet Union,Handball,Men,1980,0,1,0.5154727050739762
"LIU, Guoliang",China,Table Tennis,Men,2000,0,0,0.4591927935786067
"LACINA, Vladek",Czechoslovakia,Rowing,Men,1976,0,0,0.4667009807871489
"BRIDGEWATER, Brad",United States,Aquatics,Men,1996,1,1,0.5389982547681808
"NOVIKOVA-BELOVA, Elena",Soviet Union,Fencing,Women,1976,1,1,0.5233702864813686
"GOLOVKIN, Gennadiy",Kazakhstan,Boxing,Men,2004,0,0,0.49249409549633394
"VACLAVICEK, Rostislav",Czechoslovakia,Football,Men,1980,1,0,0.4680918652470559
"BROOKHOUSE, Graham Raymond",United Kingdom,Modern Pentathlon,Men,1988,0,1,0.5296143875684125
"LOOR, Viliar",Soviet Union,Volleyball,Men,1980,1,1,0.5088832709192413
"IVANOVA, Olimpiada",Russia,Athletics,Women,2004,0,1,0.5230472526442577
"WIEFEL, Jürgen",East Germany,Shooting,Men,1976,0,0,0.46620424396328397
"MILLER, Coby",United States,Athletics,Men,2004,0,1,0.5356294030184381
"HUH, Soonyoung","Korea, South",Handball,Women,2004,0,0,0.496885907548095
"BENT, Neisser",Cuba,Aquatics,Men,1996,0,0,0.4761846249409134
"SCHEIDT, Robert",Brazil,Sailing,Men,1996,1,0,0.45580702782522853
"SAVIC, Dejan",Serbia,Aquatics,Men,2004,0,1,0.5178754586937794
"ACATRINEI, Andreea",Romania,Gymnastics,Women,2008,0,1,0.5183625357109541
"NITZ, Leonard Harvey",United States,Cycling,Men,1984,0,1,0.5324919168985166
"SATO, Toshiharu",Japan,Gymnastics,Men,1988,0,0,0.4867088565996206
"DE BEUS, Bernadette",Netherlands,Hockey,Women,1988,0,1,0.5075013826303691
"VENTURINI, Tisha",United States,Football,Women,1996,1,1,0.5358998566828034
"HOMMOLA, Ute",East Germany,Athletics,Women,1980,0,0,0.48473404226048694
"AHMANN-LEIGHTON, Christine",United States,Aquatics,Women,1992,1,1,0.5460080447989587
"CRAWFORD, Shawn",United States,Athletics,Men,2008,0,1,0.5373907301657147
"WATERFIELD, Peter",United Kingdom,Aquatics,Men,2004,0,1,0.5345238837104856
"ROSSKOPF, Jörg",Germany,Table Tennis,Men,1992,0,0,0.4716861486456836
"SCHNABEL, Arthur",West Germany,Judo,Men,1984,0,1,0.5319878325328207
"ALFORD, Steven Todd",United States,Basketball,Men,1984,1,1,0.5368407391353467
"BHARDWAJ, Mohini",United States,Gymnastics,Women,2004,0,1,0.5388617469428985
"IVKOVIC, Tomislav",Yugoslavia,Football,Men,1984,0,1,0.536614276138756
"VACCARONI, Dorina",Italy,Fencing,Women,1988,0,0,0.49246985383156516
"CHAPELLE, Thibaud",France,Rowing,Men,2000,0,0,0.4750917868283214
"ZHENG, Lihui",China,Gymnastics,Men,2000,1,0,0.46209339900242036
"ETHRIDGE, Mary Camille",United States,Basketball,Women,1988,1,1,0.5423637981638962
"BURCKLE, Caroline",United States,Aquatics,Women,2008,0,1,0.5452555255129673
"SALIHU, Azis",Yugoslavia,Boxing,Men,1984,0,1,0.5377102707876565
"VAN DE GOOR, Mike",Netherlands,Volleyball,Men,1996,1,0,0.4914611126226869
"MILENKOV, Bojiar",Bulgaria,Canoe / Kayak,Men,1980,0,0,0.4636871344703834
"TANI, Ryoko",Japan,Judo,Women,2000,1,0,0.4909763102306686
"NARAZAKI, Noriko",Japan,Judo,Women,2000,0,0,0.4920420221912904
"KAZANOV, Milko",Bulgaria,Canoe / Kayak,Men,1996,0,0,0.4641244078008875
"LEE, Eun Sil","Korea, South",Table Tennis,Women,2004,0,0,0.4918654461837431
"BENEDEK, Tibor",Hungary,Aquatics,Men,2000,1,0,0.4895136985536235
"NORMAND, Kirstin",Canada,Aquatics,Women,2000,0,0,0.475519723872283
"GRATCHEVA, Tatiana",Russia,Volleyball,Women,2000,0,1,0.5106712179503782
"IATSEV, Iouri",Russia,Aquatics,Men,2000,0,1,0.5177144768593667
"SKACHKO, Tatiana",Soviet Union,Athletics,Women,1980,0,1,0.5269854213165807
"BEWLEY, Sam",New Zealand,Cycling,Men,2008,0,1,0.5056673482346922
"TOMA, Sanda",Romania,Rowing,Women,1980,1,1,0.512297469663359
"KNICKMAN, Clarence Roy",United States,Cycling,Men,1984,0,1,0.5333238991432573
"NICHEPURENKO, Mikhail",Soviet Union,Hockey,Men,1980,0,1,0.5145377172603915
"MARSH, Michael",United States,Athletics,Men,1996,0,1,0.535931619283177
THIAGO SILVA,Brazil,Football,Men,2008,0,0,0.4590147204768817
"TANASKOVIC, Zeljko",Yugoslavia,Volleyball,Men,1996,0,1,0.5265129142162552
"O'BRIEN, Dan",United States,Athletics,Men,1996,1,1,0.5355533920313191
"TONELLI, Mark",Australia,Aquatics,Men,1980,1,0,0.4602554251516158
"SHAN, Ying",China,Aquatics,Women,1996,0,0,0.4762485669088839
"QUANCE, Kristine",United States,Aquatics,Women,1996,1,1,0.5428861837726849
"MUNKHBAYAR, Dorzhsuren",Mongolia,Shooting,Women,1992,0,1,0.5000722263354861
"FOLKER, Alexandru",Romania,Handball,Men,1980,0,1,0.5107055689871947
"VAN ALMSICK, Franziska",Germany,Aquatics,Women,1992,0,0,0.4892298003745529
"BLÖCKER, Herbert",West Germany,Equestrian,Men,1976,0,1,0.5384907955668209
"AIRAPETYAN, Sos",Soviet Union,Hockey,Men,1980,0,1,0.5172343855714664
"DIXON, Diane Lynn",United States,Athletics,Women,1988,0,1,0.5441650135293816
"CAO, Lei",China,Weightlifting,Women,2008,1,0,0.46452404516832724
"LACHKO, Irina",Unified team,Aquatics,Women,1992,0,1,0.5419781921010709
"AMANAR, Simona",Romania,Gymnastics,Women,2000,0,1,0.5184673960884298
"BARTMAN, Michiel",Netherlands,Rowing,Men,2000,0,0,0.4995663836853668
"CROOKS, Timothy John",United Kingdom,Rowing,Men,1976,0,1,0.5290283611812715
"BOLT, Usain",Jamaica,Athletics,Men,2008,1,0,0.49419431172350664
"GYULAY, Zsolt",Hungary,Canoe / Kayak,Men,1988,1,0,0.4847673646696673
"YU, Hongqi",China,Football,Women,1996,0,0,0.46932869657746473
"KAUSHIK, Maharaj Krishon",India,Hockey,Men,1980,1,0,0.4826263739555784
"JI, Xinpeng",China,Badminton,Men,2000,1,0,0.4697047641282192
"CAIN, Lawrence",Canada,Canoe / Kayak,Men,1984,0,0,0.4676451421060224
"AZIZOV, Minneula",Soviet Union,Hockey,Men,1980,0,1,0.5171102532486483
"GREINER, Thomas",East Germany,Rowing,Men,1988,1,0,0.46990018705189474
"LI, Shuang",China,Hockey,Women,2008,0,0,0.4694993644049207
"LIU, Shoubin",China,Weightlifting,Men,1988,0,0,0.4566595369059507
SAVIO,Brazil,Football,Men,1996,0,0,0.4596841837150181
"HELLER, Andre",Brazil,Volleyball,Men,2008,0,0,0.4536056326411049
ESTER,Brazil,Football,Women,2008,0,0,0.4683527862555633
"SIMONS DE RIDDER, Alexandra",Germany,Equestrian,Women,2000,1,0,0.4845092418075195
"GUNCHEV, Stoian",Bulgaria,Volleyball,Men,1980,0,0,0.45491957481007994
"APOSTOL, Chira",Romania,Rowing,Women,1984,1,1,0.5159549592730058
"GHIBELLINI, Alessandro",Italy,Aquatics,Men,1976,0,0,0.49440761056681637
BOMBONA,Mexico,Equestrian,Women,1980,0,1,0.5068145890748933
"SUN, Wen",China,Football,Women,1996,0,0,0.46990895889658924
"REED, Pete",United Kingdom,Rowing,Men,2008,1,1,0.5259726519788894
"LUIS, Alejandrina",Cuba,Volleyball,Women,1992,1,0,0.46695577782491793
"KOMAROVA, Stanislava",Russia,Aquatics,Women,2004,0,1,0.5238438060078214
"MARINOVA, Zornitsa",Bulgaria,Gymnastics,Women,2004,0,0,0.4671509987169731
"LONGO-CIPRELLI, Jeannie",France,Cycling,Women,1992,0,0,0.48512118502617874
"LU, Huali",China,Rowing,Women,1992,0,0,0.46805691174361064
"VUJOVIC, Veselin",Yugoslavia,Handball,Men,1988,0,1,0.533019842514953
"PUCHKOV, Aleksandr",Soviet Union,Athletics,Men,1980,0,1,0.5208568353213066
"BOISSE, Philippe",France,Fencing,Men,1984,0,0,0.4794949176706138
"VATUONE, Philippe",France,Gymnastics,Men,1984,0,0,0.47476283371342026
"FRANK, Jacqueline",United States,Aquatics,Women,2004,0,1,0.5447061670962797
"SADOVYI, Evgueni",Unified team,Aquatics,Men,1992,1,1,0.5342174651396011
"GERASIMENOK, Irina",Russia,Shooting,Women,1996,0,1,0.5141801669852575
"COSTA, Marlenis",Cuba,Volleyball,Women,2000,1,0,0.46840282010505074
"DONESCU, Anghelache",Romania,Equestrian,Men,1980,0,1,0.5131391011674595
"SCHERBO, Vitaly",Unified team,Gymnastics,Men,1992,1,1,0.5274950576340773
"KORIR, Julius",Kenya,Athletics,Men,1984,1,0,0.4950806896894288
LUIZAO,Brazil,Football,Men,1996,0,0,0.4607411518236583
"BATYRCHINA, Ianina",Russia,Gymnastics,Women,1996,0,1,0.5190458720676294
"BALJIC, Mirsad",Yugoslavia,Football,Men,1984,0,1,0.5380554719980124
"SUDDUTH, Andrew Hancock",United States,Rowing,Men,1984,0,1,0.5265804194355103
"KOLOBKOV, Pavel",Russia,Fencing,Men,1996,0,1,0.5118747507563052
"SIDEK, Razif",Malaysia,Badminton,Men,1992,0,0,0.49888424479181925
"RICHTER-IRRGANG, Annegret",West Germany,Athletics,Women,1976,1,1,0.5460723527082387
"KARNATZ, Ulrich",East Germany,Rowing,Men,1980,1,0,0.4695952635063551
"AKABUSI, Kriss Kezie Uche",United Kingdom,Athletics,Men,1992,0,1,0.5376966933496019
"ROWLAND, Mark Robert",United Kingdom,Athletics,Men,1988,0,1,0.5345595059729833
"KOZMANN, Gyorgy",Hungary,Canoe / Kayak,Men,2004,0,0,0.4838257381796017
"JENSEN, Marcus",United States,Baseball,Men,2000,1,1,0.5354664501709451
"CAI, Huijue",China,Aquatics,Women,1996,0,0,0.4791964417214952
"PUSNIK, Rolando",Yugoslavia,Handball,Men,1988,0,1,0.5339854034709154
"KOVALENKO, Alexandre",Unified team,Aquatics,Men,1992,0,1,0.5355214236274994
"WANG, Junxia",China,Athletics,Women,1996,1,0,0.4745085031202984
"JENKINS, Charles L.",United States,Athletics,Men,1992,1,1,0.5367309546739878
"KIEFER, Nicolas",Germany,Tennis,Men,2004,0,0,0.4717609929412485
"MILANOLI, Paolo",Italy,Fencing,Men,2000,1,0,0.4870569536568583
"ANDRUNACHE, Georgeta",Romania,Rowing,Women,2000,1,1,0.5156587950576164
"COX, Rohanee",Australia,Basketball,Women,2008,0,0,0.46663140345852283
"BRONIEWSKI, Kajetan",Poland,Rowing,Men,1992,0,1,0.5062099297105174
"SHUVAEVA-OLKHOVA, Nadezhda",Soviet Union,Basketball,Women,1976,1,1,0.5254369617133947
"SCHLATMANN, Gert Jan",Netherlands,Hockey,Men,1988,0,0,0.49831130721823985
"ORUDZHOV, Vougar",Unified team,Wrestling,Men,1992,0,1,0.5196937422005901
"MELLOULI, Oussama",Tunisia,Aquatics,Men,2008,1,1,0.5320357453064366
"BIONDI, Matthew",United States,Aquatics,Men,1988,1,1,0.5392572036442209
"WANG, Tao",China,Table Tennis,Men,1992,1,0,0.4575098282639542
"NEWBERY, Chantelle",Australia,Aquatics,Women,2004,1,0,0.4674562530194283
"UTONDU, Beatrice",Nigeria,Athletics,Women,1992,0,1,0.5129402626158738
"GILDER, Virginia Marie",United States,Rowing,Women,1984,0,1,0.5355734513950889
"NISHIKAWA, Daisuke",Japan,Gymnastics,Men,1988,0,0,0.4873109324449045
"YOO, Nam-Kyu","Korea, South",Table Tennis,Men,1988,1,0,0.48347946506069217
"COUGHLIN, Natalie",United States,Aquatics,Women,2008,0,1,0.5450419161965896
"KLIM, Michael",Australia,Aquatics,Men,2000,1,0,0.46180325497631375
"FERREIRA, Marcelo",Brazil,Sailing,Men,1996,1,0,0.4581109832018171
"GUICHOT, Pierre",France,Fencing,Men,1992,0,0,0.47835564206286085
"RUIZ, Yumilka",Cuba,Volleyball,Women,1996,1,0,0.46590415844059097
"CAGNOTTO, Giorgio Franco",Italy,Aquatics,Men,1976,0,0,0.49513004729490684
"FUJIKI, Mayuko",Japan,Aquatics,Women,1996,0,1,0.5020250825221647
"ROOT, Jonathan Edward",United States,Volleyball,Men,1988,1,1,0.5224885240744698
"HEATH, Michael Steward",United States,Aquatics,Men,1984,0,1,0.5382194616662281
"BATKOVIC, Suzy",Australia,Basketball,Women,2004,0,0,0.46717169521376245
"HERNANDEZ PLANA, Israel",Cuba,Judo,Men,1996,0,0,0.46667733631552155
"OGANISIAN, Sanasar",Soviet Union,Wrestling,Men,1980,1,1,0.5072358951504536
"PHELPS, Michael",United States,Aquatics,Men,2008,1,1,0.536222380898348
"SPELLY, Ingo",Germany,Canoe / Kayak,Men,1992,1,0,0.47911955033273274
"MOCANU, Diana",Romania,Aquatics,Women,2000,1,1,0.5226172351007112
"ASARE, Isaac",Ghana,Football,Men,1992,0,0,0.4810197412591724
"HORVATH, Gabor",Hungary,Canoe / Kayak,Men,2000,1,0,0.4843620752104114
"MESTO, Giandomenico",Italy,Football,Men,2004,0,0,0.4864426617823429
"ZHANG, Shan",China,Shooting,Women,1992,1,0,0.46493186611072834
"CEPEDA, Frederich",Cuba,Baseball,Men,2008,0,0,0.47346980836083996
"HODOSI, Sandor",Hungary,Canoe / Kayak,Men,1988,1,0,0.4846262358677445
"CARVALHO, Jaqueline",Brazil,Volleyball,Women,2008,1,0,0.4610556088654625
"MOREHOUSE, Tim",United States,Fencing,Men,2008,0,1,0.531056740508572
"CSAPO, Geza",Hungary,Canoe / Kayak,Men,1976,0,0,0.4856574122483799
"WILLIAMS, Christa Lee",United States,Softball,Women,1996,1,1,0.5307597936268981
"HUBACKOVA, Ida",Czechoslovakia,Hockey,Women,1980,0,0,0.47535934895855336
"ANNAN, Alyson Regina",Australia,Hockey,Women,1996,1,0,0.4624724576251399
"GORSHKOV, Dmitry",Unified team,Aquatics,Men,1992,0,1,0.5362233256376809
"VAN ALMSICK, Franziska",Germany,Aquatics,Women,1992,0,0,0.4892298003745529
"VONHOF, Peter",West Germany,Cycling,Men,1976,1,1,0.5353630421518248
"LOMANS, Bram",Netherlands,Hockey,Men,2000,1,0,0.4991912560771477
"TARABINI, Patricia",Argentina,Tennis,Women,2004,0,0,0.45237690078454235
"ALOZIE, Gloria",Nigeria,Athletics,Women,2000,0,1,0.5166591546137761
"PEDREROL, Sergi",Spain,Aquatics,Men,1996,1,1,0.522472949982014
"ARBUTINA, Andjelija",Yugoslavia,Basketball,Women,1988,0,1,0.5478935774297832
"KRATSCHMER, Guido",West Germany,Athletics,Men,1976,0,1,0.5407106399798132
"CHIFU, Valter Corneliu",Romania,Volleyball,Men,1980,0,1,0.5045107940575179
"SHELPAKOV, Sergei",Soviet Union,Cycling,Men,1980,1,1,0.5171434553580215
"JENNINGS, Lynn A.",United States,Athletics,Women,1992,0,1,0.5432683791778123
"OSWALT, Roy",United States,Baseball,Men,2000,1,1,0.5342969242747521
"DAVIS, Victor",Canada,Aquatics,Men,1984,1,0,0.4712653006564057
"PARTYKA, Artur",Poland,Athletics,Men,1992,0,1,0.512086176940876
"LANCASTER, Brett",Australia,Cycling,Men,2004,1,0,0.45711996748407535
"SEAY, Bobby",United States,Baseball,Men,2000,1,1,0.5337314213774872
"KONG, Linghui",China,Table Tennis,Men,1996,1,0,0.4595543612351036
"STARRE, Katie",Australia,Hockey,Women,1996,1,0,0.4589807603007287
"CONSTANTIN, Agafia",Romania,Canoe / Kayak,Women,1984,1,1,0.5209516317459443
"TIBERTI, Gianluca",Italy,Modern Pentathlon,Men,1988,0,0,0.4826749420579384
"VALEEVA, Natalia",Unified team,Archery,Women,1992,0,1,0.5395686930425718
"CONRAD, Lars",Germany,Aquatics,Men,2004,0,0,0.48569720840325614
"LI, Guo-Jun",China,Volleyball,Women,1988,0,0,0.4638032554543299
"MALAKHBEKOV, Raimkul",Russia,Boxing,Men,1996,0,1,0.5136878619643965
"RUSSO, Marine",Argentina,Hockey,Women,2008,0,0,0.4577458794839594
"SALZGEBER, Ulla",Germany,Equestrian,Women,2000,1,0,0.4846966401848167
"POKLUDA, Lubos",Czechoslovakia,Football,Men,1980,1,0,0.46900873622518635
"VAN BUIZEN, Rodney",Australia,Baseball,Men,2004,0,0,0.45748232676675965
"BALAN-SNEP, Doina Lilian",Romania,Rowing,Women,1988,0,1,0.5158038048824046
"WOHLLEBE, Andre Gerhard",Germany,Canoe / Kayak,Men,1992,1,0,0.47852893594719115
"PLESCA, Aurora",Romania,Rowing,Women,1984,0,1,0.5130557669724501
"MILITOSIAN, Israel",Unified team,Weightlifting,Men,1992,1,1,0.5205494491208676
"CAI, Yun",China,Badminton,Men,2008,0,0,0.47073313596816074
"POLIT, Cornelia",East Germany,Aquatics,Women,1980,0,0,0.4843528379523812
"MCCORMICK, Kelly Anne",United States,Aquatics,Women,1988,0,1,0.5436722600607091
"RETHEMEIER, Helmut",West Germany,Equestrian,Men,1976,0,1,0.5356857313868798
"MLADENOVIC, Dragan",Yugoslavia,Handball,Men,1984,1,1,0.5345654742309234
"SANTOS, Ricardo",Brazil,Volleyball,Men,2000,0,0,0.4518977359332243
"KUDUKHOV, Besik",Russia,Wrestling,Men,2008,0,1,0.5020883572301182
"CASTAGNOLA, Luigi",Italy,Aquatics,Men,1976,0,0,0.49508489437232034
"JARVI, Jyrki",Finland,Sailing,Men,2000,1,0,0.4727736409344337
"HOYER, Didier",France,Canoe / Kayak,Men,1984,0,0,0.47997505729656736
"SILIVAS, Daniela",Romania,Gymnastics,Women,1988,1,1,0.5152761059413947
"JOHANSSON, Sven",Sweden,Shooting,Men,1980,0,1,0.5161344633665924
"CSEH, Laszlo",Hungary,Aquatics,Men,2004,0,0,0.4890040706349866
"YAN, Sen",China,Table Tennis,Men,2000,1,0,0.45720941512093716
"KORZENIOWSKI, Robert",Poland,Athletics,Men,2004,1,1,0.5127893126041968
"PHELPS, Michael",United States,Aquatics,Men,2008,1,1,0.536222380898348
"MONTGOMERY, James Paul",United States,Aquatics,Men,1976,1,1,0.5372263064786489
"WEISE, Konrad",East Germany,Football,Men,1976,1,0,0.47066369088952054
"KASAS, Tamas",Hungary,Aquatics,Men,2004,1,0,0.48793707505828193
"MORRIS, Warren",United States,Baseball,Men,1996,0,1,0.5346030844730374
JO,Brazil,Football,Men,2008,0,0,0.46110439020244515
"COCHELEA, Veronica",Romania,Rowing,Women,1988,0,1,0.5153341621991118
"PERTELSON, Indrek",Estonia,Judo,Men,2000,0,0,0.4718079718119428
"COLAS, Fabrice",France,Cycling,Men,1984,0,0,0.48031004732329846
"BONTAS, Cristina",Romania,Gymnastics,Women,1992,0,1,0.518312472141101
"LAREAU, Sebastien",Canada,Tennis,Men,2000,1,0,0.4568902282594136
"VAN DER LINDEN, Maarten",Netherlands,Rowing,Men,1996,0,0,0.4959068191995239
"FAN, Hongbin",China,Gymnastics,Men,1996,0,0,0.4654608793586979
"MCRAE, Francine",Australia,Softball,Women,1996,0,0,0.4567902234565198
"HALL, Gary Wayne",United States,Aquatics,Men,1976,0,1,0.5384328159448937
"MUSADDAQ, Hussain",Pakistan,Hockey,Men,1992,0,1,0.5023037997716082
"GOODELL, Brian Stuart",United States,Aquatics,Men,1976,1,1,0.5385433136058847
"DENMAN, Helen",Australia,Aquatics,Women,1996,0,0,0.46952064142682454
"RI, Song Hui","Korea, North",Weightlifting,Women,2000,0,0,0.487455346451394
"ANDERSEN, Camilla",Denmark,Handball,Women,1996,1,0,0.4777518293276805
"WACHTEL, Christine",East Germany,Athletics,Women,1988,0,0,0.4820510987887156
"CHACHUA, Akaki",Georgia,Wrestling,Men,2000,0,0,0.4702228890737779
"EGAN, Kenny",Ireland,Boxing,Men,2008,0,0,0.48938180654272095
"PARK, Jang-Soon","Korea, South",Wrestling,Men,1988,0,0,0.48150996964947024
"GLAB, Andrzej",Poland,Wrestling,Men,1988,0,0,0.4999226435149851
"NELYUBIN, Dmitri",Soviet Union,Cycling,Men,1988,1,1,0.5177336184702827
"IVANOV, Svetoslav",Bulgaria,Equestrian,Men,1980,0,0,0.46348773983247116
"RUIZ, Yumilka",Cuba,Volleyball,Women,2000,1,0,0.4658265471347041
"BAUMANN, Alexander",Canada,Aquatics,Men,1984,1,0,0.4717888878844632
"HAMMON, Rebekka Linn",Russia,Basketball,Women,2008,0,1,0.521539576800729
"CVJETICANIN, Danko",Yugoslavia,Basketball,Men,1988,0,1,0.5407596137608464
"KRAFT, Karen",United States,Rowing,Women,1996,0,1,0.5345702533568915
"RODRIGUEZ VILLANUEVA, Estela",Cuba,Judo,Women,1996,0,0,0.47150006329089583
"SANDIG, Marita",East Germany,Rowing,Women,1980,1,0,0.4746037901673048
"SHARY, Valeri",Soviet Union,Weightlifting,Men,1976,1,1,0.5072164916133047
"FASTRICH, Hans-Henning",West Germany,Hockey,Men,1988,0,1,0.534816446027089
"HOMFELD, Conrad E.",United States,Equestrian,Men,1984,0,1,0.5331541790349057
"LOADER, Danyon Joseph",New Zealand,Aquatics,Men,1996,1,1,0.5084104230593427
"BARLOIS, Valerie",France,Fencing,Women,1996,1,0,0.485989098585044
"BLACKBURN, Michael",Australia,Sailing,Men,2000,0,0,0.4534188348318771
"KARAGIAN, Ashot",Soviet Union,Fencing,Men,1980,0,1,0.5177215459294382
"VILLA, Brenda",United States,Aquatics,Women,2000,0,1,0.5418864417428076
"SATO, Yuki",Japan,Softball,Women,2004,0,0,0.4885240082957294
"SWAIL, Julie",United States,Aquatics,Women,2000,0,1,0.5422033731187896
"LASHKO, Irina",Russia,Aquatics,Women,1996,0,1,0.5238399769997468
"RECKERS, Rob",Netherlands,Hockey,Men,2004,0,0,0.49823291468326153
"GRIMLEY, Martyn Andrew",United Kingdom,Hockey,Men,1988,1,1,0.5298452888045186
"ZVEREVA, Ellina",Belarus,Athletics,Women,1996,0,0,0.4682115635801506
"SUCHANECKI, Francois",Switzerland,Fencing,Men,1976,0,1,0.5199150543319776
"ZHOU, Xiao-Lan",China,Volleyball,Women,1984,1,0,0.461745993944052
"ADLER, Daniel",Brazil,Sailing,Men,1984,0,0,0.45936604068451375
"AZNAVOURIAN, Karina",Russia,Fencing,Women,1996,0,1,0.5202337076114911
"BAKER, Vin",United States,Basketball,Men,2000,1,1,0.5364038302384274
"GONTIUK, Roman",Ukraine,Judo,Men,2008,0,1,0.526949366320088
"MARKIN, Viktor",Soviet Union,Athletics,Men,1980,1,1,0.5215414521203562
"MASKE, Henry",East Germany,Boxing,Men,1988,1,0,0.47489792683439075
"OTTO-CREPIN, Margit",France,Equestrian,Women,1988,0,0,0.48405168295301026
"FEDOROV, Vladimir",Soviet Union,Football,Men,1976,0,1,0.5179814822555897
"ALSHAMMAR, Therese",Sweden,Aquatics,Women,2000,0,1,0.5344917512425161
"ROGNONI, Maria Cecilia",Argentina,Hockey,Women,2000,0,0,0.45795437099918135
"LI, Jing",China,Gymnastics,Men,1992,0,0,0.4643713150351544
"BIERLA, Roman",Poland,Wrestling,Men,1980,0,1,0.5010002626009736
"KERN, Douglas",United States,Sailing,Men,1992,0,1,0.5277334404105016
"TOURE, Jose",France,Football,Men,1984,1,0,0.47544301259509636
"MCKINNEY, Kennedy",United States,Boxing,Men,1988,1,1,0.5337993130884144
"SHIM, Eun-Jung","Korea, South",Badminton,Women,1992,0,1,0.5007821116312826
"AFRASILOAIA, Felicia",Romania,Rowing,Women,1976,0,1,0.5161967274710466
"ECKERSLEY, Neil",United Kingdom,Judo,Men,1984,0,1,0.529751964812525
"KIELGASS, Kerstin",Germany,Aquatics,Women,2000,0,0,0.4911869970182911
"ASHUMOVA, Irada",Azerbaijan,Shooting,Women,2004,0,0,0.4608480204574185
"TAIANOVITCH, Veniamin",Unified team,Aquatics,Men,1992,0,1,0.5337860371920902
"OCA, Miguel Angel",Spain,Aquatics,Men,1992,0,1,0.5226875018121576
"VECTEN, Bertrand",France,Rowing,Men,1996,0,0,0.4717515340913372
"VAN DOORN, Marieke Birgitta",Netherlands,Hockey,Women,1984,1,1,0.5043859939496433
"BOROS, Iosif",Romania,Handball,Men,1980,0,1,0.511403813846974
"GULLA, Alejandra",Argentina,Hockey,Women,2004,0,0,0.4597415120705879
"JEON, Jong-Ha","Korea, South",Hockey,Men,2000,0,0,0.4897153723731368
"CARVALHO, Janelson",Brazil,Volleyball,Men,1992,1,0,0.45483192179847015
"NAKAMURA, Misato",Japan,Judo,Women,2008,0,0,0.49189228675485447
"KRUTZLER, Eszter",Hungary,Weightlifting,Women,2004,0,0,0.4798091509426957
"ISINBAEVA, Elena",Russia,Athletics,Women,2004,1,1,0.5230580365344983
"SJÖBERG, Patrick",Sweden,Athletics,Men,1988,0,1,0.5236118914768491
"SIMAN, John O'Connell",United States,Aquatics,Men,1984,0,1,0.5361786774061096
"BOYER, Gregory Vartl",United States,Aquatics,Men,1988,0,1,0.5391724313033187
"HENRY, Jean-Michel",France,Fencing,Men,1988,1,0,0.47830672819315456
"GREGO, Melania",Italy,Aquatics,Women,2004,1,1,0.5003504833619318
"SCHUHMACHER, Günther",West Germany,Cycling,Men,1976,1,1,0.5360085348491392
"STANISZEWSKI, Michal",Poland,Canoe / Kayak,Men,2000,0,1,0.5084460106200984
"KHAN, Shahid Ali",Pakistan,Hockey,Men,1984,1,1,0.5033011089814478
"LI, Xiaopeng",China,Gymnastics,Men,2004,0,0,0.4641312909223654
"BOISSE, Philippe",France,Fencing,Men,1984,1,0,0.4794949176706138
"MELCER, Jerzy",Poland,Handball,Men,1976,0,1,0.5066922460530493
"REINELT, Sascha",Germany,Hockey,Men,2004,0,0,0.47543629918083125
"SANDERS-KEYZER, Annemarie",Netherlands,Equestrian,Women,1992,0,1,0.5076427695532589
"ZHUANG, Yong",China,Aquatics,Women,1992,0,0,0.4754407251109172
MAYCON,Brazil,Football,Women,2004,0,0,0.46698337494389297
"MAINAKY, Rexy Ronald",Indonesia,Badminton,Men,1996,1,0,0.4885440578769916
"LOADER, Danyon Joseph",New Zealand,Aquatics,Men,1992,0,1,0.508488375514558
"DOUICHEBAEV, Talant",Unified team,Handball,Men,1992,1,1,0.5294156442918871
"SPOHR, Georg",East Germany,Rowing,Men,1976,1,0,0.4678579490739608
"GOULD, Kenneth",United States,Boxing,Men,1988,0,1,0.5349774505527446
"HACKETT, Grant",Australia,Aquatics,Men,2000,1,0,0.46233051081351806
"SEGURA, Bernardo",Mexico,Athletics,Men,1996,0,1,0.500762099772115
"WANG, Cheng Pang",Taiwan,Archery,Men,2004,0,1,0.5253034398636912
"HAGLUND, Maria",Sweden,Canoe / Kayak,Women,1992,0,1,0.5294518810816325
"WILLOUGHBY, Kim",United States,Volleyball,Women,2008,0,1,0.5277432674827331
"MADSEN, Jens-Erik",Denmark,Cycling,Men,2008,0,0,0.47148156451763173
"BATTEN, Miriam",United Kingdom,Rowing,Women,2000,0,1,0.5355876605478658
"LEE, David",United States,Volleyball,Men,2008,1,1,0.5232102467743682
"FERNANDEZ, Mary Joe",United States,Tennis,Women,1996,1,1,0.5322009942370614
"RHODE, Kimberly",United States,Shooting,Women,1996,1,1,0.5322969868337603
"WIND, Peter",Netherlands,Hockey,Men,2000,1,0,0.4972784676108952
"PENG, Bo",China,Aquatics,Men,2004,1,0,0.47003934293438293
"XIAO, Hailiang",China,Aquatics,Men,1996,0,0,0.4689246373000731
"JUNG, Bu-Kyung","Korea, South",Judo,Men,2000,0,0,0.4891044075620981
"SAVILLE, Jane",Australia,Athletics,Women,2004,0,0,0.465717827887793
"PRACHT, Eva Maria",Canada,Equestrian,Women,1988,0,0,0.47046340405742487
"MIRANDA NETO, Alvaro",Brazil,Equestrian,Men,2000,0,0,0.4615039331289102
"CROSS, Martin",United Kingdom,Rowing,Men,1984,1,1,0.5288713958775915
"DOBERSCHÜTZ, Jens",East Germany,Rowing,Men,1980,1,0,0.47050785898405273
"MCGHEE, Carla",United States,Basketball,Women,1996,1,1,0.5407470463960817
"SEJDI, Saban",Yugoslavia,Wrestling,Men,1984,0,1,0.5259624004207781
"MARSILI, Sante",Italy,Aquatics,Men,1976,0,0,0.4932255983687814
"BERESH, Oleksandr",Ukraine,Gymnastics,Men,2000,0,1,0.5297409258704836
"JOERGENSEN, Rikke Hoerlykke",Denmark,Handball,Women,2004,1,0,0.47597827161475537
"DAVIS, Howard Edward, Jr.",United States,Boxing,Men,1976,1,1,0.5357382450697938
"VOGELS, Guus",Netherlands,Hockey,Men,2004,0,0,0.49734175218607124
"LAMOUR, Jean-Francois",France,Fencing,Men,1992,0,0,0.4776164218990115
"KURODA, Hiroki",Japan,Baseball,Men,2004,0,0,0.49214275901922
"JANG, Miran","Korea, South",Weightlifting,Women,2008,1,0,0.48948665857222884
"CAL, David",Spain,Canoe / Kayak,Men,2008,0,1,0.5207791021146226
"WU, Minxia",China,Aquatics,Women,2004,0,0,0.4753398160183752
"DJURICA, Mirjana",Yugoslavia,Handball,Women,1980,0,1,0.5428989658220917
"SCHOEMAN, Roland",South Africa,Aquatics,Men,2004,0,1,0.5205213640582582
"KHRISTOVA, Tzvetanka Pavlova",Bulgaria,Athletics,Women,1992,0,0,0.47349102009329014
"QIN, Yiyuan",China,Badminton,Women,1996,0,0,0.47494094813485976
"RYSKAL, Inna",Soviet Union,Volleyball,Women,1976,0,1,0.5145141669969303
"FARRELL, Renita",Australia,Hockey,Women,1996,1,0,0.4615545717735338
"GULBRANDSEN, Ragnhild",Norway,Football,Women,2000,1,1,0.5110361252661263
"KINDELAN MESA, Mario Cesar",Cuba,Boxing,Men,2004,1,0,0.47112332428601156
"SHINOHARA, Shinichi",Japan,Judo,Men,2000,0,0,0.48468725864653606
"LARSON, David Erwin",United States,Aquatics,Men,1984,1,1,0.5375659480457935
"THOMPSON, Jenny",United States,Aquatics,Women,2004,0,1,0.5420220985457453
"NAKOVA, Dolores",Bulgaria,Rowing,Women,1980,0,0,0.46455014537991574
"AGUILAR, Jose",Cuba,Boxing,Men,1980,0,0,0.47342971361315694
"SIHINE, Sileshi",Ethiopia,Athletics,Men,2004,0,0,0.4790882715409092
"LAETZSCH, Heike",Germany,Hockey,Women,1992,0,0,0.48331270337078114
"LACEY, Venus",United States,Basketball,Women,1996,1,1,0.5411365518623983
"GUSHCHINA, Yulia",Russia,Athletics,Women,2008,0,1,0.5232390377119243
"VOLPENHEIN, Bryan",United States,Rowing,Men,2004,1,1,0.5258236527572482
"LUCHETTI, Rosario",Argentina,Hockey,Women,2008,0,0,0.45872780836239113
"KOLOBKOV, Pavel",Unified team,Fencing,Men,1992,0,1,0.5300290982758089
"BARYSHNIKOV, Aleksandr",Soviet Union,Athletics,Men,1980,0,1,0.5237091802278402
"BUKHALOV, Nikolai Petkov",Bulgaria,Canoe / Kayak,Men,1992,1,0,0.4655192832353746
"NAGLIC, Aramis",Croatia,Basketball,Men,1992,0,0,0.47043438922065245
"PRIVALOVA, Irina",Unified team,Athletics,Women,1992,0,1,0.5398829181428598
"EDESHKO, Ivan",Soviet Union,Basketball,Men,1976,0,1,0.5214066021636545
"LIU, Li-Ping",China,Handball,Women,1984,0,0,0.4704788063122696
"RAKELS, Heidi",Belgium,Judo,Women,1992,0,0,0.46299699735459293
"CHA, Jae-Kyung","Korea, South",Handball,Women,1992,1,0,0.49813024179596244
"NEIWAND, Garry Malcolm",Australia,Cycling,Men,2000,0,0,0.4565798287473461
"POSTREKHIN, Sergei",Soviet Union,Canoe / Kayak,Men,1980,1,1,0.518110117725929
"PRIVALOVA, Irina",Unified team,Athletics,Women,1992,0,1,0.5398829181428598
"RICHTER, Ulrike",East Germany,Aquatics,Women,1976,1,0,0.4842714916141739
"STRAUCH, Annegret",Germany,Rowing,Women,1992,0,0,0.480067656058782
"SZECSI, Zoltan",Hungary,Aquatics,Men,2000,1,0,0.4860749348043349
"TWIGG, Rebecca Lynne",United States,Cycling,Women,1984,0,1,0.5378844574695247
"HOVOROVA, Olena",Ukraine,Athletics,Women,2000,0,1,0.5405773880845121
"YOSHIDA, Saori",Japan,Wrestling,Women,2004,1,0,0.48371876876285347
"LOZICA, Bosko",Yugoslavia,Aquatics,Men,1980,0,1,0.5421270613345293
DIEGO,Brazil,Football,Men,2008,0,0,0.46196190351189936
"SIITONEN, Hannu Juhani",Finland,Athletics,Men,1976,0,0,0.4803024550933972
"GONG, Zhichao",China,Badminton,Women,2000,1,0,0.47668485497592666
"CAN, Eyup",Turkey,Boxing,Men,1984,0,1,0.5318200773815496
"RADANOVIC, Ljubomir",Yugoslavia,Football,Men,1984,0,1,0.5351517296105917
"MOBERG, Lars-Erik",Sweden,Canoe / Kayak,Men,1984,0,1,0.5218465389124226
"TOOTH, Liane Marianne",Australia,Hockey,Women,1988,1,0,0.458894910201109
"BALTHASAR, Ramona",East Germany,Rowing,Women,1988,1,0,0.47758155969574195
"KLEMENTYEV, Ivans",Latvia,Canoe / Kayak,Men,1992,0,0,0.4955553495206394
"ANDRZEJUK, Robert",Poland,Fencing,Men,2008,0,1,0.5101374243983552
"SWIERCZEWSKI, Piotr",Poland,Football,Men,1992,0,1,0.506280211955669
"BIRTALAN, Stefan",Romania,Handball,Men,1976,0,1,0.5115396109528769
"DE RIEL, Emily",United States,Modern Pentathlon,Women,2000,0,1,0.5362651973190815
"TIMUR, Minarti",Indonesia,Badminton,Women,2000,0,0,0.49355812038057817
"FILATOV, Yuri",Soviet Union,Canoe / Kayak,Men,1976,1,1,0.5201746795190545
"CABOT DURAN, Ricardo",Spain,Hockey,Men,1980,0,1,0.5174401954283543
"ZHU, Ling",China,Volleyball,Women,1984,1,0,0.4617433080439987
"JANSEN, Franciscus Ronaldus Maria",Netherlands,Hockey,Men,1988,0,1,0.5000280480756581
"BOLIVAR, Jose Marcelino",Venezuela,Boxing,Men,1984,0,1,0.537974851257039
"SENFFT, Ronaldo",Brazil,Sailing,Men,1984,0,0,0.45597632680643185
"CLIFT, Robert",United Kingdom,Hockey,Men,1988,1,1,0.5305155648482445
"PETERSSON, Alexander",Iceland,Handball,Men,2008,0,0,0.48011485173730534
"SZABO, Szilvia",Hungary,Canoe / Kayak,Women,2000,0,0,0.4887628424492928
"MOFFITT, John",United States,Athletics,Men,2004,0,1,0.5355913868571399
"SIEGELAAR, Sarah",Netherlands,Rowing,Women,2004,0,1,0.5028020209120623
"TANG, Chunling",China,Hockey,Women,2008,0,0,0.4679473444804373
"KNOSP, Martin",West Germany,Wrestling,Men,1984,0,1,0.5267984149568697
"BAIKAUSKAITE, Lailute",Soviet Union,Athletics,Women,1988,0,1,0.5301633857065428
"NEAL, Blaine",United States,Baseball,Men,2008,0,1,0.534287683064953
"NAMESNIK, Eric",United States,Aquatics,Men,1992,0,1,0.5368251471735959
"OH, Seongok","Korea, South",Handball,Women,2008,0,0,0.4955675352603027
"ROONEY, Sean",United States,Volleyball,Men,2008,1,1,0.5220998107888148
"BATTEN, Guin",United Kingdom,Rowing,Women,2000,0,1,0.5355884285560382
"SISSAOURI, Giuvi",Canada,Wrestling,Men,1996,0,0,0.45335855529663627
"ZEITZ, Christian",Germany,Handball,Men,2004,0,0,0.47484673578234676
"TUSHISHVILI, Otar",Georgia,Wrestling,Men,2008,0,0,0.46672692037300934
"ANDERSON, Andrea",United States,Athletics,Women,2000,1,1,0.5446964623798732
"BILOZERCHEV, Dmitri",Soviet Union,Gymnastics,Men,1988,0,1,0.5178986954699649
"DJORDJEVIC, Aleksandar",Yugoslavia,Basketball,Men,1996,0,1,0.5404777840674381
"SHOUAA, Ghada",Syria,Athletics,Women,1996,1,1,0.5313953638088735
"LAVERICK, Elise",United Kingdom,Rowing,Women,2004,0,1,0.5336348372387443
"RYAN, Sarah",Australia,Aquatics,Women,2000,0,0,0.4669751202947137
"CAPPELLAZZO, Federico",Italy,Aquatics,Men,2004,0,0,0.49456074128908295
"INDRIYANI, Sri",Indonesia,Weightlifting,Women,2000,0,0,0.482990658024613
"PELLICIARI, Matteo",Italy,Aquatics,Men,2004,0,0,0.49214159457018564
"NISHIYAMA, Rei",Japan,Softball,Women,2008,1,0,0.48904825227249477
"HOLLISTER, Brett",New Zealand,Rowing,Men,1984,0,0,0.4999160170953965
"MULLIN, Christopher Paul",United States,Basketball,Men,1984,1,1,0.5342540634607942
"WILSON, Lindsay",New Zealand,Rowing,Men,1976,0,0,0.49742122045162723
"STEFFENSEN, John",Australia,Athletics,Men,2004,0,0,0.458913185247774
"KOVACS, Katalin",Hungary,Canoe / Kayak,Women,2004,0,0,0.49041209076559045
"DICK, Daisy",United Kingdom,Equestrian,Women,2008,0,1,0.5392619033383186
"KARLS, Tommy",Sweden,Canoe / Kayak,Men,1984,0,1,0.5226531372441814
"BYLUND, Ingamay",Sweden,Equestrian,Women,1984,0,1,0.5293840648100397
"WEATHERS, Casey",United States,Baseball,Men,2008,0,1,0.5328937432513355
"DWYER, Jamie",Australia,Hockey,Men,2004,1,0,0.4549645324552492
"CARTER, Michael D'Andrea",United States,Athletics,Men,1984,0,1,0.5380201690577864
"ZESNER, Steffen",Germany,Aquatics,Men,1996,0,0,0.4822183178949116
"KHAKHALEICHVILI, David",Unified team,Judo,Men,1992,1,1,0.5273822878707373
"AYALA, Roberto",Argentina,Football,Men,2004,1,0,0.45605668598825305
"JAZET, Erik",Netherlands,Hockey,Men,2004,0,0,0.49970881599030303
"EZHOVA, Liudmila",Russia,Gymnastics,Women,2004,0,1,0.5181165875980871
"HUISH, Justin",United States,Archery,Men,1996,1,1,0.5373127303799556
"LINSENHOFF, Ann-Kathrin",West Germany,Equestrian,Women,1988,1,1,0.5429257111002549
"GEANTA, Ion",Romania,Canoe / Kayak,Men,1980,0,1,0.513930268371389
"BORCHERT, Earl Frederick",United States,Rowing,Men,1984,0,1,0.5298663830212155
"STEWART, Danielle",Australia,Softball,Women,2008,0,0,0.4554087685350201
"SMAJLAGIC, Irfan",Croatia,Handball,Men,1996,1,0,0.4650705791053271
"FERNANDES, Vanessa",Portugal,Triathlon,Women,2008,0,1,0.5086542150504891
"HELM, Rüdiger",East Germany,Canoe / Kayak,Men,1976,1,0,0.47553180779686965
"SARSEKBAYEV, Bakhyt",Kazakhstan,Boxing,Men,2008,1,0,0.4903310379555295
"SIPILA, Tapio",Finland,Wrestling,Men,1984,0,0,0.46625409270241835
"BUTUZOVA, Natalia",Soviet Union,Archery,Women,1980,0,1,0.5305578216140249
"KANTONO, Denny",Indonesia,Badminton,Men,1996,0,0,0.4891230938847827
"PETKOVA, Ogniana",Bulgaria,Canoe / Kayak,Women,1988,0,0,0.4696556892054516
"PERKOVAC, Goran",Croatia,Handball,Men,1996,1,0,0.4656478915480823
"SCURRY, Briana",United States,Football,Women,2000,0,1,0.5364051128737247
"LECROY, Matt",United States,Baseball,Men,1996,0,1,0.5350935603715262
"MAHER, Kim",United States,Softball,Women,1996,1,1,0.5325722909063175
"LIND, Joan Louise",United States,Rowing,Women,1976,0,1,0.5347393140703312
"MIZSER, Attila",Hungary,Modern Pentathlon,Men,1992,0,0,0.47847971386535604
"WIEGAND, Matthias",East Germany,Cycling,Men,1980,0,0,0.4722236631638926
"MITRYUK, Natalya",Soviet Union,Handball,Women,1988,0,1,0.5216646692452822
"JACQUIN, Lisa Ann",United States,Equestrian,Women,1988,0,1,0.5395058603992977
"PARK, Miyoung","Korea, South",Table Tennis,Women,2008,0,0,0.49102737703592614
"BULIGAN, Alexandru",Romania,Handball,Men,1984,0,1,0.5112433261758165
"SKOV, Rikke",Denmark,Handball,Women,2004,1,0,0.474156455242575
"BOQUIST, Martin",Sweden,Handball,Men,2000,0,1,0.5204024541506814
"MAY-TREANOR, Misty",United States,Volleyball,Women,2008,1,1,0.5294628582313142
"LUKYANOV, Aleksandr",Russia,Rowing,Men,1996,0,1,0.5076243506567482
"GIER, Markus",Switzerland,Rowing,Men,1996,1,1,0.5180840284226667
"STOCKWELL, Marcus",Australia,Aquatics,Men,1984,0,0,0.46038159513743515
"LJUNGBERG, Mikael",Sweden,Wrestling,Men,1996,0,1,0.5108300365089428
"OLIVE VANCELLS, Nuria",Spain,Hockey,Women,1992,1,1,0.5214528510509924
"FREE, Duncan",Australia,Rowing,Men,2008,1,0,0.4530433802626911
"BREWER, Graeme",Australia,Aquatics,Men,1980,0,0,0.4636598206473061
"KASHIMA, Takehiro",Japan,Gymnastics,Men,2008,0,0,0.48788907502762563
"SLOOTHAAK, Franke",West Germany,Equestrian,Men,1984,0,1,0.5351649759583554
"DESPATIE, Alexandre",Canada,Aquatics,Men,2004,0,0,0.4708232661751314
"SCHÜMANN, Jochen",Germany,Sailing,Men,1996,1,0,0.47311447683584723
"WAWROWSKI, Henryk",Poland,Football,Men,1976,0,1,0.5061942001220203
"MCBEAN, Marnie Elizabeth",Canada,Rowing,Women,1996,0,0,0.4664778808683494
"MILITOSYAN, Vartan",Soviet Union,Weightlifting,Men,1976,0,1,0.5081275268901052
"WOODWARD, Danielle Anne",Australia,Canoe / Kayak,Women,1992,0,0,0.4623476691293859
"SAUER, Uwe",West Germany,Equestrian,Men,1984,1,1,0.5353439388621976
"HENDERSON, Monique",United States,Athletics,Women,2008,1,1,0.5431652883542376
"SJÖBERG, Patrick",Sweden,Athletics,Men,1992,0,1,0.5235340900722537
"BEHRENDT, Holger",East Germany,Gymnastics,Men,1988,0,0,0.473719576420767
"VIEILLEDENT, Sebastien",France,Rowing,Men,2004,1,0,0.471570694126786
"ROMAGNOLI, Diana",Switzerland,Fencing,Women,2000,0,1,0.5264514943958987
"LEFOULON, Patrick",France,Canoe / Kayak,Men,1984,0,0,0.47937279981088343
"REESER, Morgan",United States,Sailing,Men,1992,0,1,0.526396547052318
"JOHNSON, Kathleen Ann",United States,Gymnastics,Women,1984,0,1,0.537861528469742
"NEGRAO, Marcelo",Brazil,Volleyball,Men,1992,1,0,0.452677562524146
"RIBOUD, Philippe",France,Fencing,Men,1980,0,0,0.47676410429967875
"MAGYAR, Zoltan",Hungary,Gymnastics,Men,1980,0,0,0.48117580599984067
"WIGGINS, Bradley",United Kingdom,Cycling,Men,2008,1,1,0.5299645021831647
"KITIC-DASIC, Svetlana",Yugoslavia,Handball,Women,1984,1,1,0.5417942160468795
"WOODLEY, Erin",Canada,Aquatics,Women,1996,0,0,0.474166907670762
"MACMILLAN, Shannon",United States,Football,Women,2000,0,1,0.5374898777665876
"HOWEY, Kate",United Kingdom,Judo,Women,2000,0,1,0.5353835085213567
"PROBERT-SCUTT, Michelle",United Kingdom,Athletics,Women,1980,0,1,0.5414471587521791
"TYURINA, Elena",Russia,Volleyball,Women,2000,0,1,0.5080615108150834
"MILTON-JONES, Delisha",United States,Basketball,Women,2008,1,1,0.5404260944299978
"AMAT, Jean Pierre",France,Shooting,Men,1996,0,0,0.4745596095927135
"DE OLIVEIRA, Joao Carlos",Brazil,Athletics,Men,1976,0,0,0.46762398719400644
"GAINES, Ambrose Iv",United States,Aquatics,Men,1984,1,1,0.538514133138393
"DOMAN, Amanda",Australia,Softball,Women,2004,0,0,0.4582324612625296
"ALDAMA CABRERA, Andres",Cuba,Boxing,Men,1980,1,0,0.47341200965179886
"ALEXANDRE, Marc",France,Judo,Men,1984,0,0,0.4770304382648588
"ZASULSKAYA, Natalya",Soviet Union,Basketball,Women,1988,0,1,0.5243878010616664
"GILBERT, Glenroy",Canada,Athletics,Men,1996,1,0,0.4694582596814931
"SANCHEZ, Eriel",Cuba,Baseball,Men,2004,1,0,0.4707815088251643
"QUIROGA, Raul Nicolas",Argentina,Volleyball,Men,1988,0,0,0.4457277037272347
"SCARPA, Daniele",Italy,Canoe / Kayak,Men,1996,0,0,0.48797847088764906
"GABER IBRAHIM, Karam",Egypt,Wrestling,Men,2004,1,0,0.46555196367072205
"LJUBEK, Matija",Yugoslavia,Canoe / Kayak,Men,1984,1,1,0.5382188384487527
"MARGALOT, Mercedes",Argentina,Hockey,Women,2000,0,0,0.45878878009817964
"PARET, Eduardo",Cuba,Baseball,Men,1996,1,0,0.4713735344932822
"MONTMINY, Anne Katherine",Canada,Aquatics,Women,2000,0,0,0.4756795155548992
"YU, Yang",China,Badminton,Women,2008,0,0,0.47353090097640554
FLAVIO CONCEICAO,Brazil,Football,Men,1996,0,0,0.46195694768253776
"NUNEZ, Rodrigo",Chile,Football,Men,2000,0,0,0.4635219148448087
"HELD, Henk-Jan",Netherlands,Volleyball,Men,1996,1,0,0.4939534887012943
"LAVROV, Andrey",Unified team,Handball,Men,1992,1,1,0.5281915978387817
"MCDONALD, Julie",Australia,Aquatics,Women,1988,0,0,0.4680289823844525
"COBBS, Janet Marie",United States,Volleyball,Women,1992,0,1,0.5315616200653405
"FRENKEVA, Antoaneta",Bulgaria,Aquatics,Women,1988,0,0,0.47538590021640137
"LOBANOV, Yuri",Soviet Union,Canoe / Kayak,Men,1980,0,1,0.5189037191563287
"LAO, Lishi",China,Aquatics,Women,2004,0,0,0.4774443785750134
"KURLOVICH, Alexandre",Unified team,Weightlifting,Men,1992,1,1,0.5210383844200654
"SLAMET, Winarni Binti",Indonesia,Weightlifting,Women,2000,0,0,0.4810687527757441
"WAINAINA, Erick",Kenya,Athletics,Men,2000,0,0,0.49266375022147724
"BEARD, Elizabeth Ann",United States,Rowing,Women,1984,1,1,0.5365506080399669
"VEERING, Klaas",Netherlands,Hockey,Men,2004,0,0,0.4973799610991531
"BREEDEN, Elaine",United States,Aquatics,Women,2008,0,1,0.5453068198967971
"SEBRLE, Roman",Czech Republic,Athletics,Men,2004,1,0,0.4724651252087501
"DESPATIE, Alexandre",Canada,Aquatics,Men,2008,0,0,0.4707455576742036
"WIENEKE, Frank",West Germany,Judo,Men,1984,1,1,0.53123091592038
"REITZ, Christopher",Germany,Hockey,Men,1992,1,0,0.4756665837560065
"LI, Rong-Hua",China,Rowing,Women,1988,0,0,0.46822605529615563
"PARTIE, Robert Douglas",United States,Volleyball,Men,1992,0,1,0.5227523542086043
"RUBAN, Viktor",Ukraine,Archery,Men,2008,1,1,0.5327183213515304
"TKASHENKO, Vladimir",Soviet Union,Aquatics,Men,1988,0,1,0.5210542221843348
"BLANGE, Peter",Netherlands,Volleyball,Men,1992,0,0,0.49515214657801143
"RADULOVICS, Bojana",Hungary,Handball,Women,2000,0,0,0.48603155870958187
"DEVOTI, Luca",Italy,Sailing,Men,2000,0,0,0.48432988280149347
"NABER, John Phillips",United States,Aquatics,Men,1976,1,1,0.5371506930982388
"HACKETT, Grant",Australia,Aquatics,Men,2004,1,0,0.4622529795840349
"POLEY, Viola",East Germany,Rowing,Women,1976,1,0,0.47499031970721556
"ROGNONI, Maria Cecilia",Argentina,Hockey,Women,2004,0,0,0.45787694867830564
"MOLINA CARRASCO, Roberto",Spain,Sailing,Men,1984,1,1,0.5130452326107818
"RUSSELL, Hugh",Ireland,Boxing,Men,1980,0,0,0.4875904400839323
"PINE, Adam",Australia,Aquatics,Men,2000,0,0,0.4607156294090835
"BARTU, Jan",Czechoslovakia,Modern Pentathlon,Men,1976,0,0,0.46910277646593357
DERBIST,Romania,Equestrian,Men,1980,0,1,0.5132035116545642
"DEAKIN, Matt",United States,Rowing,Men,2004,1,1,0.5290763224254907
"DELOOF, Pierre Marie",Belgium,Rowing,Men,1984,0,0,0.4578105317632322
"WIENEKE, Frank",West Germany,Judo,Men,1988,0,1,0.5311532446587096
"GALVAO, Mauro",Brazil,Football,Men,1984,0,0,0.4621066364627288
"LEE, Mi-Young","Korea, South",Handball,Women,1992,1,0,0.4965416794630806
"STEWART, Geoff",Australia,Rowing,Men,2000,0,0,0.45069481041798387
"KLJAIC, Nenad",Croatia,Handball,Men,1996,1,0,0.4666928948601324
"JONES, Leisel",Australia,Aquatics,Women,2008,0,0,0.46838026829318896
"VAN VELSEN, Wilma",Netherlands,Aquatics,Women,1980,0,1,0.5122424308234976
"STEWART, Ossie",United Kingdom,Sailing,Men,1992,0,1,0.5252348719744779
"POLL AHRENS, Claudia",Costa Rica,Aquatics,Women,1996,1,0,0.47801247166323746
"VAN DE WALLE, Robert",Belgium,Judo,Men,1980,1,0,0.4558642432809952
"RASMUSSEN, Bodil Steen",Denmark,Rowing,Women,1984,0,0,0.472717577602781
"BAAR, Roland",Germany,Rowing,Men,1992,0,0,0.47699474949207865
"SEARLE, Gregory Mark Pascol",United Kingdom,Rowing,Men,1992,1,1,0.5260119570480082
"ANDERSON, Gary John",New Zealand,Cycling,Men,1992,0,1,0.5062092024158369
"CAL, David",Spain,Canoe / Kayak,Men,2004,0,1,0.5208569416631607
"KEDIR, Mohammed",Ethiopia,Athletics,Men,1980,0,0,0.48125015969161083
"ROCHE, Melanie",Australia,Softball,Women,2000,0,0,0.4559839496749638
"KARAGIANNI, Eftychia",Greece,Aquatics,Women,2004,0,0,0.4925146293472612
"SZURKOWSKI, Ryszard",Poland,Cycling,Men,1976,0,1,0.5082405376376885
"HERNANDEZ, Maria de la Paz",Argentina,Hockey,Women,2008,0,0,0.4595306069731842
"DEFAR, Meseret",Ethiopia,Athletics,Women,2004,1,0,0.48836105770431754
"LUKA, Rodion",Ukraine,Sailing,Men,2004,0,1,0.5243355876205196
"ELLINAKI, Georgia",Greece,Aquatics,Women,2004,0,0,0.49332613899708366
"SUAREZ, Paola",Argentina,Tennis,Women,2004,0,0,0.4524675449111481
"PEREZ DE LA HERAS, Joaquin",Mexico,Equestrian,Men,1980,0,0,0.49765101482681
"PASHEV, Mincho",Bulgaria,Weightlifting,Men,1980,0,0,0.4528249376420443
"BITENCOURT, Nalbert",Brazil,Volleyball,Men,2004,1,0,0.4548035615052453
"STEEL, Bryan",United Kingdom,Cycling,Men,2000,0,1,0.5306509300131514
"RUICAN, Iulica",Romania,Rowing,Men,1992,1,1,0.5060584776564533
"POSSEKEL, Elvira",West Germany,Athletics,Women,1976,0,1,0.5462089668259573
"POSSAMAI, Stephanie",France,Judo,Women,2008,0,0,0.4801391357011196
"CHUN, Byung-Kwan","Korea, South",Weightlifting,Men,1988,0,0,0.48432559857771684
"WHITMARSH, Mike",United States,Volleyball,Men,1996,0,1,0.5214411043068055
"LINN, Jeremy",United States,Aquatics,Men,1996,1,1,0.5372105154783752
"MBOMA DEM, Patrick",Cameroon,Football,Men,2000,1,0,0.46250903022282647
"LIM, Sujeong","Korea, South",Taekwondo,Women,2008,1,0,0.4911521228358315
"AARDEWIJN, Pepijn",Netherlands,Rowing,Men,1996,0,0,0.49986782877760877
"PFÜTZE, Frank",East Germany,Aquatics,Men,1980,0,0,0.4778208715643797
"VERGELYUK, Maryna",Ukraine,Handball,Women,2004,0,1,0.5319616402886829
"TCHANTURIA, Vladimer",Georgia,Boxing,Men,2000,0,0,0.47866252087801064
"STEINACHER, Hans Peter",Austria,Sailing,Men,2004,1,0,0.45074647309534127
"DEKKER, Femke",Netherlands,Rowing,Women,2008,0,1,0.505419017611392
"DOUICHEBAEV, Talant",Spain,Handball,Men,2000,0,1,0.5172133488618258
"WIESKOTTER, Tim",Germany,Canoe / Kayak,Men,2008,0,0,0.47825344679653076
"STEGEMANN, Kerstin",Germany,Football,Women,2000,0,0,0.48328186351787406
"LABORDE, Yurisel",Cuba,Judo,Women,2004,0,0,0.4724873057108179
"VAN EUPEN, Marit",Netherlands,Rowing,Women,2008,1,1,0.5022474005655926
"FAN, Yunjie",China,Football,Women,1996,0,0,0.47256980032045826
"TAMOTO, Hiroko",Japan,Softball,Women,2000,0,0,0.4882073181520831
"HASSAN, Sardar",Pakistan,Hockey,Men,1984,1,1,0.5036889791761858
"JEFFERSON, Thomas Theodore",United States,Athletics,Men,1984,0,1,0.5368895136832453
"BOURAS, Djamel",France,Judo,Men,1996,1,0,0.47644578741834787
"RAICHEV, Valentin",Bulgaria,Wrestling,Men,1980,1,0,0.45206853501552785
"BERGER, Marc",Canada,Judo,Men,1984,0,0,0.46341806183757694
"POTORAC, Gabriela",Romania,Gymnastics,Women,1988,0,1,0.5157164481411904
"HACKER, Marcel",Germany,Rowing,Men,2000,0,0,0.4756249529859924
"EDMAN, Jonas",Sweden,Shooting,Men,2000,1,1,0.5165083904238649
"KARINO, Ayumi",Japan,Softball,Women,2008,1,0,0.49002468731801135
"PERTELSON, Indrek",Estonia,Judo,Men,2004,0,0,0.47173024566771643
"BREHMER-LATHAN, Christina",East Germany,Athletics,Women,1980,0,0,0.4858411717540639
"DEITERS, Julie",Netherlands,Hockey,Women,2000,0,1,0.5072447426835057
"KOLGANOV, Michael",Israel,Canoe / Kayak,Men,2000,0,0,0.48865395036431075
"WHIPPLE, Mary",United States,Rowing,Women,2004,0,1,0.5322894223286307
"FRANCETIC, Igor",Croatia,Rowing,Men,2000,0,0,0.465202788530709
"MYKKANEN, John Cary",United States,Aquatics,Men,1984,0,1,0.5370040456227139
"BUTTS, James A.",United States,Athletics,Men,1976,0,1,0.5382193393893917
"BRINKMANN, Dirk",West Germany,Hockey,Men,1984,0,1,0.5354831709780802
"GIMENEZ, Estela",Spain,Gymnastics,Women,1996,1,1,0.5240724480563808
"CERIONI, Stefano",Italy,Fencing,Men,1984,1,0,0.4893552597911392
"OTTEY-PAGE, Merlene",Jamaica,Athletics,Women,1980,0,0,0.4988308395384785
"DRAGUNSKI, Mark",Germany,Handball,Men,2004,0,0,0.4782457046115271
"WU, Hanxiong",China,Fencing,Men,2004,0,0,0.46324380371616736
"ISHIDA, Kyoko",Japan,Volleyball,Women,1984,0,0,0.4878650428411601
"TVETER, Finn Ivar",Norway,Rowing,Men,1976,0,0,0.49902477061468514
"MOHAMMADIAN, Asgari",Iran,Wrestling,Men,1988,0,0,0.4757886178876018
"GONZALEZ, Raul",Mexico,Athletics,Men,1984,1,1,0.5031450048252984
"POLLEN, Ole Petter",Norway,Sailing,Men,1988,0,0,0.4991178742641614
"HWANG, Jong-Hyun","Korea, South",Hockey,Men,2000,0,0,0.4898187661591732
"TUNCSIK, Jozsef",Hungary,Judo,Men,1976,0,0,0.47802468154071515
"VAYTSEKHOVSKAYA, Elena",Soviet Union,Aquatics,Women,1976,1,1,0.5277001596824796
"DAVIS, Walter Paul",United States,Basketball,Men,1976,1,1,0.5362891034332457
"BALKENHOL, Klaus",Germany,Equestrian,Men,1996,1,0,0.48133171817230225
"MITCHELL, Nikole",Jamaica,Athletics,Women,1996,0,0,0.4988037788147728
"KOKUBO, Hiroki",Japan,Baseball,Men,1992,0,0,0.49249547540325955
"FILATOVA, Maria",Soviet Union,Gymnastics,Women,1980,0,1,0.5238873168252978
"YANG, Shaoqi",China,Fencing,Women,2000,0,0,0.46983883829767753
"LAFFITA HERNANDEZ, Andris",Cuba,Boxing,Men,2008,0,0,0.4708371269327004
"GATAULLIN, Rodion",Soviet Union,Athletics,Men,1988,0,1,0.5225907355704047
"RIBOUD, Philippe",France,Fencing,Men,1988,1,0,0.4766084939077783
"YOSHIO ONMURA, Luiz Yoshio",Brazil,Judo,Men,1984,0,0,0.4568063625026177
"MOUREIKO, Serguei",Moldova,Wrestling,Men,1996,0,0,0.48831499029594605
"SIM, Kwon-Ho","Korea, South",Wrestling,Men,1996,1,0,0.48074953476701054
"FODOR, Zoltan",Hungary,Wrestling,Men,2008,0,0,0.47355673954306193
"SITI, Beata",Hungary,Handball,Women,2000,0,0,0.4856289407623954
"MALLET, Gregory",France,Aquatics,Men,2008,0,0,0.48258843649014554
"WANG, Kuang-Shih",Taiwan,Baseball,Men,1992,0,1,0.5238661463171812
"QUIROT, Ana Fidelia",Cuba,Athletics,Women,1992,0,0,0.4789113615357767
"SUTA, Khassaraporn",Thailand,Weightlifting,Women,2000,0,1,0.5204540218501416
"SIMON, Lidia Elena",Romania,Athletics,Women,2000,0,1,0.5205857282032842
"SAEI, Hadi",Iran,Taekwondo,Men,2000,0,0,0.4776184640990019
"MATZ, Evelyn",East Germany,Handball,Women,1980,0,0,0.4777132197529418
"WITTE, Philip",Germany,Hockey,Men,2008,1,0,0.47433445993250545
"CARLSEN, Agnete",Norway,Football,Women,1996,0,1,0.5119364897115716
"KALLIES, Monika",East Germany,Rowing,Women,1976,1,0,0.4762571072565445
"TIAN, Jia",China,Volleyball,Women,2008,0,0,0.4617912056832132
"KELLY-HOHMANN, Margaret",United Kingdom,Aquatics,Women,1980,0,1,0.543815953041948
"BERNARDI, Lorenzo",Italy,Volleyball,Men,1996,0,0,0.4810347546047656
"ROMANKOV, Aleksander",Soviet Union,Fencing,Men,1980,0,1,0.5162542813313701
"GIDIKOV, Borislav",Bulgaria,Weightlifting,Men,1988,1,0,0.4543424380752313
"LEE, Chul Seung","Korea, South",Table Tennis,Men,1992,0,0,0.4855242273666408
"ROTHENBERGER, Sven",Netherlands,Equestrian,Men,1996,0,1,0.5010563895642818
"ROCHE, Danni",Australia,Hockey,Women,1996,1,0,0.45937641539336527
"SCHMIDTKE, Fredy",West Germany,Cycling,Men,1984,1,1,0.5358664458687911
"CHUMAK, Igor",Soviet Union,Handball,Men,1988,1,1,0.5170368642300867
"PORCHIER, Laurent",France,Rowing,Men,2000,1,0,0.47262494002114225
"GREENE-JILES, Pamela",United States,Athletics,Women,1976,0,1,0.5439402465839234
"RITTER, Dorothy Louise",United States,Athletics,Women,1988,1,1,0.5418322916136695
"MAKSIMOV, Vladimir",Soviet Union,Handball,Men,1976,1,1,0.5155494479917497
"BISIANI, Matteo",Italy,Archery,Men,1996,0,0,0.4943505616939004
"KOENIG, Rita",Germany,Fencing,Women,2000,0,0,0.48553007928568415
"MARTINELLI, Giuseppe",Italy,Cycling,Men,1976,0,0,0.4887705920523157
"HOGSHEAD, Nancy Lynn",United States,Aquatics,Women,1984,1,1,0.5446824830321534
"RICE, Stephanie",Australia,Aquatics,Women,2008,1,0,0.46693013855442833
"HOLMERTZ, Anders",Sweden,Aquatics,Men,1992,0,1,0.5266310687057967
"HEIN, Harald",West Germany,Fencing,Men,1984,0,1,0.5366786935458248
"KRETZSCHMAR, Stefan",Germany,Handball,Men,2004,0,0,0.4771294222033765
"MAYBANK, Anthuan",United States,Athletics,Men,1996,1,1,0.5358863109809683
"WOOD, John",Canada,Canoe / Kayak,Men,1976,0,0,0.464123944800634
"ZHENG, Haixia",China,Basketball,Women,1992,0,0,0.4726799131695615
"LATHOUD, Denis",France,Handball,Men,1992,0,0,0.4759299303544332
"SOUMNIKOVA, Irina",Unified team,Basketball,Women,1992,1,1,0.5377088339503443
"TERRY, Simon",United Kingdom,Archery,Men,1992,0,1,0.5345102080012061
"GAIDARBEKOV, Gaidarbek",Russia,Boxing,Men,2000,0,1,0.5148143220245074
"ZASTROW, Mitja",Netherlands,Aquatics,Men,2004,0,1,0.5048699527155667
"KOLEVA, Maria",Bulgaria,Gymnastics,Women,1996,0,0,0.46775556206093133
"ALSHAMMAR, Therese",Sweden,Aquatics,Women,2000,0,1,0.5344917512425161
"AARONES, Ann Kristin",Norway,Football,Women,1996,0,1,0.5124668677545959
"COE, Sebastian",United Kingdom,Athletics,Men,1984,1,1,0.5372346291635707
"NAZAROVA, Natalya",Russia,Athletics,Women,2004,0,1,0.5219787723396035
"SYLVANUS, Dung Dung",India,Hockey,Men,1980,1,0,0.4807022581881577
"KIM, Kyong-Hun","Korea, South",Taekwondo,Men,2000,1,0,0.4850951240383774
"LASA GOICOECHEA, Mikel",Spain,Football,Men,1992,1,1,0.5172655579516631
"SLAVNIC, Zoran",Yugoslavia,Basketball,Men,1980,1,1,0.538126902988423
"COVENTRY, Kirsty",Zimbabwe,Aquatics,Women,2004,0,1,0.5510973936898447
"DE OLIVEIRA, Joao Carlos",Brazil,Athletics,Men,1980,0,0,0.4675463401905031
"MOTA, Rosa",Portugal,Athletics,Women,1988,1,1,0.5196849854519103
"HARRIGAN, Daniel Lee",United States,Aquatics,Men,1976,0,1,0.5383994356999299
"ARRIETA, Jake",United States,Baseball,Men,2008,0,1,0.5368539892292951
"IVANENKO, Vyacheslav",Soviet Union,Athletics,Men,1988,1,1,0.5221523931344998
"CSIPES, Ferenc",Hungary,Canoe / Kayak,Men,1996,0,0,0.4852663257337527
"KOLOMANSKI, Krzysztof",Poland,Canoe / Kayak,Men,2000,0,1,0.5101127792716195
"GORSHKOV, Dmitry",Russia,Aquatics,Men,2000,0,1,0.5180128280886594
"LOPEZ, Steven",United States,Taekwondo,Men,2008,0,1,0.5247366955653421
"DRAGANITA, Cezar",Romania,Handball,Men,1976,0,1,0.5109744671434631
"CERMAKOVA, Jirina",Czechoslovakia,Hockey,Women,1980,0,0,0.4763639697354422
"BORGES, Gustavo",Brazil,Aquatics,Men,1996,0,0,0.4687361348357415
"GUDERZO, Tatiana",Italy,Cycling,Women,2008,0,0,0.49579219820710846
"NEUBAUER, Dagmar",East Germany,Athletics,Women,1988,0,0,0.4833883918292853
"ZADNEPROVSKIS, Andrejus",Lithuania,Modern Pentathlon,Men,2004,0,0,0.48927519383729373
"DREOSSI, Bruno",Italy,Canoe / Kayak,Men,1992,0,0,0.4905227018722182
"SADOVA, Natalya",Russia,Athletics,Women,1996,0,1,0.5215380928145383
"MUHAMMAD, Khalid",Pakistan,Hockey,Men,1992,0,1,0.5023192378164557
"TREIBER, Birgit",East Germany,Aquatics,Women,1976,0,0,0.48357786853408385
"SPRING, Justin",United States,Gymnastics,Men,2008,0,1,0.5289630056449967
"PEREZ DEL SOLAR, Gabriela",Peru,Volleyball,Women,1988,0,1,0.5045625489035431
"TER-MKRTCHYAN, Alfred",Unified team,Wrestling,Men,1992,0,1,0.51875069576587
"KIPROP, Asbel Kipruto",Kenya,Athletics,Men,2008,1,0,0.4946962487794196
"ZHENG, Dongmei",China,Basketball,Women,1992,0,0,0.47268029797664735
"NESTY, Anthony Conrad",Suriname,Aquatics,Men,1992,0,1,0.5247710873315806
"HORKAI, Gyorgy",Hungary,Aquatics,Men,1976,1,0,0.48872562265500635
"MIKHNEVICH, Natallia",Belarus,Athletics,Women,2008,0,0,0.4697971092352837
"BROWN, Alice Regina",United States,Athletics,Women,1984,0,1,0.5446452000085964
"IGALY, Diana",Hungary,Shooting,Women,2004,1,0,0.48413735616559367
"FJELDHEIM, Nils Olav",Norway,Canoe / Kayak,Men,2004,0,1,0.506883500953051
"BROOKS, Neil",Australia,Aquatics,Men,1984,0,0,0.4635695896332252
"HANISCH, Cornelia",West Germany,Fencing,Women,1984,1,1,0.5432675596287381
"OH, Kyo-Moon","Korea, South",Archery,Men,1996,0,0,0.4958990000105206
"REVE JIMENEZ, Odalis",Cuba,Judo,Women,1992,1,0,0.47163087597313
"STEPNIK, Ayelen Iara",Argentina,Hockey,Women,2000,0,0,0.45755085735229006
"CAREY, Richard John",United States,Aquatics,Men,1984,1,1,0.5391356172756329
"TANI, Yoshitomo",Japan,Baseball,Men,2004,0,0,0.49043849538657597
"URRUTIA, Osmanis",Cuba,Baseball,Men,2004,1,0,0.4701772803562135
"MEMISEVIC, Refik",Yugoslavia,Wrestling,Men,1984,0,1,0.5268861155116512
"IBSEN, Martin Kirketerp",Denmark,Sailing,Men,2008,1,0,0.4666802199482641
"BOGINSKAYA, Svetlana",Soviet Union,Gymnastics,Women,1988,0,1,0.5244317673386916
"LOUGANIS, Gregory",United States,Aquatics,Men,1984,1,1,0.5373905556218307
"ZWERVER, Ronald",Netherlands,Volleyball,Men,1996,1,0,0.4910459474449845
"BROWN, Matt",United States,Baseball,Men,2008,0,1,0.536533448853948
"LEFEVRE, Fabien",France,Canoe / Kayak,Men,2008,0,0,0.4789061511554993
"STREICH, Jacek",Poland,Rowing,Men,1992,0,1,0.502987066802897
"LUKYANOV, Aleksandr",Soviet Union,Rowing,Men,1980,0,1,0.5132997241082903
"DALLA BARBA, Gianfranco",Italy,Fencing,Men,1984,1,0,0.4891716278437804
"RUSSO, Clemente",Italy,Boxing,Men,2008,0,0,0.4883852772605323
"FISHER, Hugh",Canada,Canoe / Kayak,Men,1984,1,0,0.46707789357418505
"DEMIR, Mahmut",Turkey,Wrestling,Men,1996,1,1,0.5196426119993646
"TALEVA, Ivelina",Bulgaria,Gymnastics,Women,1996,0,0,0.465960668554976
"LUZ, Silvia",Brazil,Basketball,Women,2000,0,0,0.47052114589798444
"HOCHSCHORNER, Pavol",Slovakia,Canoe / Kayak,Men,2004,1,1,0.5171711597274505
"ANTCZAK, Zdzislaw",Poland,Handball,Men,1976,0,1,0.5090838222885697
"BECKER, Andreas",Germany,Hockey,Men,1992,1,0,0.4785648359031201
"VELIC, Ermin",Yugoslavia,Handball,Men,1988,0,1,0.5330759464090196
"DE BRUIJN, Danielle",Netherlands,Aquatics,Women,2008,1,1,0.5148969497804161
"NAZLYMOV, Vladimir",Soviet Union,Fencing,Men,1980,1,1,0.5167874803288791
"NEUREUTHER, Günther",West Germany,Judo,Men,1976,0,1,0.5328038060876698
"SURIN, Bruny",Canada,Athletics,Men,1996,1,0,0.4670007886407687
"O'SULLIVAN, Shawn",Canada,Boxing,Men,1984,0,0,0.4659220198931569
"LOUKACHINE, Igor",Russia,Aquatics,Men,2000,1,1,0.5170186607494885
"DOCHERTY, Bevan",New Zealand,Triathlon,Men,2008,0,0,0.4962112719842282
"PARK, Mi-Kum","Korea, South",Volleyball,Women,1976,0,0,0.4894264425842327
"HUNGER, Daniela",East Germany,Aquatics,Women,1988,1,0,0.48565117131875457
"ABDULLAYEV, Namig",Azerbaijan,Wrestling,Men,1996,0,0,0.45019031845374674
"ROFFEIS, Karla",East Germany,Volleyball,Women,1980,0,0,0.4702720824144986
"BELOV, Sergei",Soviet Union,Basketball,Men,1976,0,1,0.5220657305412381
"DAVIES, Caryn",United States,Rowing,Women,2004,0,1,0.5356578772541621
"KHABAROVA, Irina",Russia,Athletics,Women,2004,0,1,0.5228666192962972
"JACKSON, Kevin",United States,Wrestling,Men,1992,1,1,0.5229024200623665
"GARCIA AGUADO, Pedro",Spain,Aquatics,Men,1996,1,1,0.5242306244510433
"FOUDY, Julie",United States,Football,Women,2000,0,1,0.5387162397350318
"MILLER, Reggie",United States,Basketball,Men,1996,1,1,0.5341218815378388
"KURZER, Manfred",Germany,Shooting,Men,2004,1,0,0.47375461371818417
"MUKHAMEDYAROV, Nail",Soviet Union,Weightlifting,Men,1988,0,1,0.5077906369688224
"FOWLER, Dexter",United States,Baseball,Men,2008,0,1,0.5358888220488806
"FALCON CABRERA, Rodolfo",Cuba,Aquatics,Men,1996,0,0,0.4754580228324553
"ENTRERRIOS, Alberto",Spain,Handball,Men,2008,0,1,0.5169743119097241
"GE, Fei",China,Badminton,Women,2000,1,0,0.4767561026769424
"BEKHTEREV, Dmitri",Soviet Union,Rowing,Men,1976,0,1,0.5154084184033506
"SANTOS, Cintia",Brazil,Basketball,Women,1996,0,0,0.4695747195938406
"KIM, Sang-Kyu","Korea, South",Wrestling,Men,1988,0,0,0.48254107634467797
"BAHARI, Mohamed",Algeria,Boxing,Men,1996,0,0,0.45828710184501936
"DJURKOVIC, Zorica",Yugoslavia,Basketball,Women,1980,0,1,0.5473137884899895
"OANCIA, Ecaterina",Romania,Rowing,Women,1984,1,1,0.5132763826514627
"IRIMICIUC, Daniel",Romania,Fencing,Men,1976,0,1,0.5119226819028321
"SANDAUNE, Brit",Norway,Football,Women,1996,0,1,0.5091364479037518
"TRINKLER, Richard",Switzerland,Cycling,Men,1984,0,1,0.5206619346858695
"CRAM, Stephen",United Kingdom,Athletics,Men,1984,0,1,0.5371916411626456
"AYMAR, Luciana",Argentina,Hockey,Women,2004,0,0,0.4609327578222762
"SCHRODER, Jurgen",West Germany,Aquatics,Men,1984,0,1,0.540283240562601
"HONORATO, Carlos",Brazil,Judo,Men,2000,0,0,0.459210360780759
"SWOOPES, Sheryl",United States,Basketball,Women,2004,1,1,0.5393595854012547
"TORRES, Dara",United States,Aquatics,Women,1988,0,1,0.5422800465950309
"MITTS, Heather",United States,Football,Women,2004,1,1,0.5371659327637248
"CHO, Je-Aki","Korea, South",Judo,Men,1976,0,0,0.49069551873054446
"CUEPPER, Edgar-Henri",Belgium,Equestrian,Men,1976,0,0,0.4624718505415697
"BUBKA, Sergey",Soviet Union,Athletics,Men,1988,1,1,0.5233171207005162
"EGINGTON, Richard",United Kingdom,Rowing,Men,2008,0,1,0.528167707623221
"GEORGESCU, Elena",Romania,Rowing,Women,2008,0,1,0.5143916566874114
"RIEDEL, Petra",East Germany,Aquatics,Women,1980,0,0,0.484190124271666
"NOWAK, Cecile",France,Judo,Women,1992,1,0,0.48072648053390393
"BURKE, Steven",United Kingdom,Cycling,Men,2008,0,1,0.5336216562945366
"AVRIL, Jacky",France,Canoe / Kayak,Men,1992,0,0,0.4812182646765316
"BRUNET, Caroline",Canada,Canoe / Kayak,Women,2004,0,0,0.47386094873298146
"GONZALEZ, Fernando",Chile,Tennis,Men,2004,1,0,0.4583033528099255
"WARD, Andre",United States,Boxing,Men,2004,1,1,0.531873955362323
"BIRD, Larry",United States,Basketball,Men,1992,1,1,0.5364126819792686
"VALTCHEV, Emil",Bulgaria,Volleyball,Men,1980,0,0,0.4523478547448414
"HEGG, Stephen Edward",United States,Cycling,Men,1984,1,1,0.5337857329005594
"COLE, Briony",Australia,Aquatics,Women,2008,0,0,0.46943755217063227
"TATE, Frank",United States,Boxing,Men,1984,1,1,0.5325854520680828
"BOGDANOVA, Svetlana",Unified team,Handball,Women,1992,0,1,0.5364972618465603
"AGAMENNONI, Luca",Italy,Rowing,Men,2008,0,0,0.48552512673434345
"MATSUZAKA, Daisuke",Japan,Baseball,Men,2004,0,0,0.49176075826221427
"MCKEE, Charles",United States,Sailing,Men,2000,0,1,0.5269153197413284
"YELESINA, Yelena",Russia,Athletics,Women,2000,1,1,0.5205097779970034
"CHO, In-Chul","Korea, South",Judo,Men,1996,0,0,0.49030617167681056
"GAVRILOV, Yuri",Soviet Union,Football,Men,1980,0,1,0.5177409400295849
"MAUNDER, Maria",Canada,Rowing,Women,1996,0,0,0.46649017607302296
"AMARANTE, Catello",Italy,Rowing,Men,2004,0,0,0.4855613875059285
"BLINOV, Aleksandr",Soviet Union,Equestrian,Men,1980,1,1,0.519700934189403
"JONGJOHOR, Somjit",Thailand,Boxing,Men,2008,1,1,0.5268073586909613
"SAITO, Haruka",Japan,Softball,Women,2000,0,0,0.48864707609259717
"VALLE, Lazaro",Cuba,Baseball,Men,2000,0,0,0.47024151765110456
"BUGGY, Regina E.",United States,Hockey,Women,1984,0,1,0.5379918555923794
"ZYKINA, Olesya",Russia,Athletics,Women,2000,0,1,0.5203934132804657
"GRAEL, Torben",Brazil,Sailing,Men,2000,0,0,0.457787909908503
"PAYTON, Gary",United States,Basketball,Men,2000,1,1,0.5336681473802385
"IVANKOVA, Anastasia",Belarus,Gymnastics,Women,2008,0,0,0.465164131603338
"ZAITSEV, Viacheslav",Soviet Union,Volleyball,Men,1976,0,1,0.5069427807605127
"WOLFGRAMM, Michael",East Germany,Rowing,Men,1976,1,0,0.46726914782753987
"BELAN, Tatyana",Belarus,Gymnastics,Women,2000,0,0,0.4666712355758806
"TARASOV, Maksim",Russia,Athletics,Men,2000,0,1,0.5144220407112817
"ASHFORD, Evelyn",United States,Athletics,Women,1988,0,1,0.5448722290174844
"TOMASHEVA, Tatyana",Russia,Athletics,Women,2004,0,1,0.5208357305286212
"WALDNER, Jan-Ove",Sweden,Table Tennis,Men,1992,1,1,0.5124263307212528
"LIU, Xia",China,Judo,Women,2004,0,0,0.4689788844105358
"KHORKINA, Svetlana",Russia,Gymnastics,Women,1996,0,1,0.5174551412958305
"BRAKEWELL, Jeanette",United Kingdom,Equestrian,Women,2000,0,1,0.5398314891728029
"LAZO, Pedro Luis",Cuba,Baseball,Men,2008,0,0,0.4719028730672089
"HORMANN, Raimund",West Germany,Rowing,Men,1984,1,1,0.5327213994110402
"COOPER, Cynthia",United States,Basketball,Women,1992,0,1,0.5426025041024068
"TILLMAN, Henry",United States,Boxing,Men,1984,1,1,0.5325293409208018
"BIRD, Andrew",New Zealand,Rowing,Men,1988,0,1,0.5010360587740701
"RIEHM, Karl-Hans",West Germany,Athletics,Men,1984,0,1,0.5393803144268624
"GROSS, Michael",West Germany,Aquatics,Men,1984,0,1,0.5423340261291935
"VARDANIAN, Yurik",Soviet Union,Weightlifting,Men,1980,1,1,0.5066164287788745
"GRONMAN, Jouni Johannes",Finland,Weightlifting,Men,1984,0,0,0.4689835526315242
"VLIEGHUIS, Kirsten",Netherlands,Aquatics,Women,1996,0,1,0.5118678384525828
"SERLENGA, Nikki",United States,Football,Women,2000,0,1,0.5363797745037684
"WEST, Michael",Canada,Aquatics,Men,1984,0,0,0.46790566396382355
"SAIMAN, Nurfitriyana",Indonesia,Archery,Women,1988,0,0,0.49542765620752155
"KRAUT, Laura",United States,Equestrian,Women,2008,1,1,0.5387577954097549
"MAZE, Michael John",Denmark,Table Tennis,Men,2004,0,0,0.4642387607782485
"MACHADO MORALES, Roger",Cuba,Baseball,Men,2004,1,0,0.47177899922516603
"DE HEIJ, Stella",Netherlands,Hockey,Women,1996,0,1,0.5073431523056893
"O'BRIEN, Leah",United States,Softball,Women,2000,1,1,0.5320557172939022
"VRDOLJAK, Zdeslav",Croatia,Aquatics,Men,1996,0,0,0.4717608873611159
"WAGNER-AUGUSTIN, Katrin",Germany,Canoe / Kayak,Women,2008,1,0,0.4849088446093109
"BIES, Rauno",Finland,Shooting,Men,1984,0,0,0.47387181174367493
"VAN DE KIEFT, Fleur",Netherlands,Hockey,Women,1996,0,1,0.5041609632910514
"MILLAR, Ryan",United States,Volleyball,Men,2008,1,1,0.5227996850766767
"FUERSTE, Moritz",Germany,Hockey,Men,2008,1,0,0.47737641950175
"LOGINOVA, Lidia",Soviet Union,Volleyball,Women,1980,1,1,0.5154670041329228
"SZEKERES, Pal",Hungary,Fencing,Men,1988,0,0,0.4807492912140894
"TARAKANOVA, Nelli",Soviet Union,Rowing,Women,1976,0,1,0.5184873188533833
"WANG, Yifu",China,Shooting,Men,1992,0,0,0.458611414597446
"SKRICEK, Reinhard",West Germany,Boxing,Men,1976,0,1,0.5369883984677427
"IOVAISHA, Sergei",Soviet Union,Basketball,Men,1980,0,1,0.5206560727649449
"METODIEVA, Penka",Bulgaria,Basketball,Women,1980,0,0,0.4713670141365943
"BASIC, Mirko",Yugoslavia,Handball,Men,1984,1,1,0.5369100980930543
"MUNDT, Kristina",East Germany,Rowing,Women,1988,1,0,0.4751254216242898
"GASOL, Pau",Spain,Basketball,Men,2008,0,1,0.521206135838248
"BOZA, Francisco",Peru,Shooting,Men,1984,0,1,0.5039395349358383
"RECK, Oliver",West Germany,Football,Men,1988,0,1,0.5343689798480981
"SHUNIKHOVSKAYA, Irina",Soviet Union,Sailing,Women,1988,0,1,0.5179847850082555
"HOFER, Otto",Switzerland,Equestrian,Men,1984,0,1,0.5224734572779149
"JACKSON, Joanne",United Kingdom,Aquatics,Women,2008,0,1,0.5434305575414317
"KURAMOTO, Koji",Japan,Judo,Men,1976,0,0,0.48657194732201847
"GEREVICH, Pal",Hungary,Fencing,Men,1980,0,0,0.4834147882884853
"BOUDOURIS, Anastassios",Greece,Sailing,Men,1980,0,0,0.4777713151793962
"HYUN, Jung Hwa","Korea, South",Table Tennis,Women,1992,0,0,0.49265534832877694
"SANDIE, Shelley",Australia,Basketball,Women,2000,0,0,0.46416236602134664
"VIGNERON, Thierry",France,Athletics,Men,1984,0,0,0.48028581816765636
"KROVOPUSKOV, Viktor",Soviet Union,Fencing,Men,1976,1,1,0.5175438508568327
"ZOU, Kai",China,Gymnastics,Men,2008,1,0,0.461909186765374
"FREDERICKS, Frank",Namibia,Athletics,Men,1996,0,1,0.5064266345780666
"EZENWA, Ikechukwu",Nigeria,Football,Men,2008,0,1,0.5039738485701536
"FIEDLER, Joerg",Germany,Fencing,Men,2004,0,0,0.4797506252292764
"PORTA PERNIGOTTI, Antonio Alejandro",Argentina,Basketball,Men,2008,0,0,0.45642364027071214
"HEINER, Roy",Netherlands,Sailing,Men,1996,0,0,0.49785016698788465
"MCMAHON, Robert Brian",Canada,Rowing,Men,1984,1,0,0.46014224714261887
"BOWN, Heather",United States,Volleyball,Women,2008,0,1,0.5314931488998309
"GILLE, Guillaume",France,Handball,Men,2008,1,0,0.47649480752373147
"SZALAY HORVATHNE, Gyoengyi",Hungary,Fencing,Women,1996,0,0,0.4871705129638682
"COOK-HOGG, Wendy",Canada,Aquatics,Women,1976,0,0,0.4780697164545098
"CANCELLARA, Fabian",Switzerland,Cycling,Men,2008,1,1,0.5235570595642378
"FIGUEREDO, Diego",Paraguay,Football,Men,2004,0,1,0.5066828011910758
"HACKETT, Robert William",United States,Aquatics,Men,1976,0,1,0.5384454773269871
"HAN, Gyong Si","Korea, North",Weightlifting,Men,1980,0,0,0.4830441028018415
"FISCHER, Birgit",Germany,Canoe / Kayak,Women,2004,1,0,0.4879826814654526
"OSCARSSON, Markus",Sweden,Canoe / Kayak,Men,2000,0,1,0.5212705587891884
"BOBIK, Janusz",Poland,Equestrian,Men,1980,0,1,0.5109857261351283
"PLESMAN, Suzanne",Netherlands,Hockey,Women,1996,0,1,0.5051022371419481
"IMAOKA, Makoto",Japan,Baseball,Men,1996,0,0,0.49275091395774967
"ASHFORD, Evelyn",United States,Athletics,Women,1992,1,1,0.5447948812267134
"ALLEN, Katie",Australia,Hockey,Women,2000,1,0,0.4624390576165816
"SHERWANI, Imran Ahmed Khan",United Kingdom,Hockey,Men,1988,1,1,0.5277106983095636
"HA, Hyung-Zoo","Korea, South",Judo,Men,1984,1,0,0.4897784214981397
"SLY, Wendy",United Kingdom,Athletics,Women,1984,0,1,0.5409104698595836
"MORRIS, Jason Newth",United States,Judo,Men,1992,0,1,0.5285852681274791
"FARKAS, Andrea",Hungary,Handball,Women,1996,0,0,0.4881976745168445
"PIATRUSHENKA, Raman",Belarus,Canoe / Kayak,Men,2004,0,0,0.46010870796430087
"HARDEN, Tim",United States,Athletics,Men,1996,0,1,0.5369105932216923
"NARMANDAKH, Dorjpalam",Mongolia,Judo,Men,1996,0,0,0.4955987835366757
"TRIGGS HODGE, Andrew",United Kingdom,Rowing,Men,2008,1,1,0.5252389428587018
"VASSILEVSKAIA, Svetlana",Unified team,Volleyball,Women,1992,0,1,0.526229119969889
"KARSTEN, Ekaterina",Belarus,Rowing,Women,2000,1,0,0.46240081710909486
"HARPER, Dawn",United States,Athletics,Women,2008,1,1,0.5432112579257484
"GU, Beibei",China,Aquatics,Women,2008,0,0,0.4781269375684657
"JEONG, Gyeongmi","Korea, South",Judo,Women,2008,0,0,0.49558089793611504
"RYBAKOV, Viktor",Soviet Union,Boxing,Men,1976,0,1,0.5185047007720465
"PLEWINSKI, Catherine",France,Aquatics,Women,1988,0,0,0.48890237785034457
"PANACEK, Josef",Czechoslovakia,Shooting,Men,1976,1,0,0.464794695985953
"LANGER, Lucyna",Poland,Athletics,Women,1980,0,1,0.5197039345709515
"WECKER, Andreas",Germany,Gymnastics,Men,1996,1,0,0.4757479625552543
"YORDANOVA, Reni",Bulgaria,Rowing,Women,1976,0,0,0.46306316934622505
"KOVACS, Katalin",Hungary,Canoe / Kayak,Women,2000,0,0,0.4904900370483791
"MCMAHON, Brigitte",Switzerland,Triathlon,Women,2000,1,1,0.519435537134774
"VAN NORMAN, Moriah",United States,Aquatics,Women,2008,0,1,0.5417890727483644
"BARTU, Jan",Czechoslovakia,Modern Pentathlon,Men,1976,0,0,0.46910277646593357
"DOUILLET, David",France,Judo,Men,1996,1,0,0.47595826981209927
"HAESEBROUCK, Ann",Belgium,Rowing,Women,1984,0,0,0.46377655506564736
"REZNITCHENKO, Vladimir",Soviet Union,Fencing,Men,1988,0,1,0.5161636543621587
"YALLOP, John C.",United Kingdom,Rowing,Men,1976,0,1,0.5255146651238779
"FUNKENHAUSER, Zita-Eva",West Germany,Fencing,Women,1988,0,1,0.5434540973949102
"MOSER, Christina",West Germany,Hockey,Women,1984,0,1,0.5398448599797363
"SETIAWAN, Hendra",Indonesia,Badminton,Men,2008,1,0,0.4872082344474161
"PINSENT, Matthew",United Kingdom,Rowing,Men,2004,1,1,0.5261955251714286
"WOODFORDE, Mark",Australia,Tennis,Men,1996,1,0,0.44691919616509473
"CARLISLE, Daniel Thomas",United States,Shooting,Men,1984,0,1,0.5286107758352221
"KENDALL, Barbara",New Zealand,Sailing,Women,1992,1,1,0.5055039934135108
"DÖRDELMANN, Sylvia",Germany,Rowing,Women,1992,0,0,0.4827933891160651
"LLOYD, Carli",United States,Football,Women,2008,1,1,0.5374111782447913
"CRAWFORD, Shannon",Canada,Rowing,Women,1992,1,0,0.4683033987510139
"ZULIANELLO, Claudio F.",Argentina,Volleyball,Men,1988,0,0,0.4444827366849045
"KANG, Minho","Korea, South",Baseball,Men,2008,1,0,0.49504025403718904
"DIATCHENKO, Alexei",Russia,Fencing,Men,2004,0,1,0.5128336378334098
"WALLACE, John William",Canada,Rowing,Men,1992,1,0,0.4584038978325643
"ROGOWSKA, Anna",Poland,Athletics,Women,2004,0,1,0.5181055850643511
"HÜLSENBECK, Sarina",East Germany,Aquatics,Women,1980,1,0,0.48579349603768723
"SYNEK, Ondrej",Czech Republic,Rowing,Men,2008,0,0,0.4637833668076791
"GAINES, Ambrose Iv",United States,Aquatics,Men,1984,1,1,0.538514133138393
"SALNIKOV, Vladimir",Soviet Union,Aquatics,Men,1988,1,1,0.5215750909287916
"ANDRUNACHE, Georgeta",Romania,Rowing,Women,2004,1,1,0.5155808964321675
"WELSH, Matthew",Australia,Aquatics,Men,2000,0,0,0.4595969356124848
"KIM, Nelli",Soviet Union,Gymnastics,Women,1980,1,1,0.5230905293932545
"LENZI, Mark Edward",United States,Aquatics,Men,1992,1,1,0.5373506183404053
"ROCHE, Melanie",Australia,Softball,Women,2004,0,0,0.4559065802920602
"SZEWCZYK, Barbara",Poland,Fencing,Women,2000,0,1,0.5132417338064879
"TAYMAZOV, Artur",Uzbekistan,Wrestling,Men,2000,0,1,0.5219539893133474
"CONNOR, Keith",United Kingdom,Athletics,Men,1984,0,1,0.5372204278316033
"ZHANG, Zhilei",China,Boxing,Men,2008,0,0,0.4652642322425257
"ZAOULITCHNI, Rostislav",Unified team,Boxing,Men,1992,0,1,0.5299044007227285
"JELINSKI, Michal",Poland,Rowing,Men,2008,1,1,0.5046635308844246
"HUANG, Qun",China,Gymnastics,Women,1984,0,0,0.4717127054839702
"HU, Ya-Dong",China,Rowing,Women,1988,0,0,0.4688661344493256
"LOCHTE, Ryan",United States,Aquatics,Men,2008,0,1,0.5369487062107369
"ABILOV, Ismail",Bulgaria,Wrestling,Men,1980,1,0,0.4551495166986075
"POZDNYAKOV, Stanislav",Russia,Fencing,Men,1996,1,1,0.5107587427593284
"MENDEZ, Javier",Cuba,Baseball,Men,2000,0,0,0.47168090510713895
"SIDOROVA, Maria",Russia,Handball,Women,2008,0,1,0.5150096738342744
"NEWBERY, Robert",Australia,Aquatics,Men,2004,0,0,0.46090933076571555
"PRODOUNOVA, Elena",Russia,Gymnastics,Women,2000,0,1,0.516130085099695
"DELISSEN, Marc",Netherlands,Hockey,Men,1988,0,1,0.5008898944095499
"WANSBROUGH, David",Australia,Hockey,Men,1992,0,0,0.4520531990949007
"SUMNIKOVA, Irina",Soviet Union,Basketball,Women,1988,0,1,0.5249976695672685
"BOGOMILOVA-DANGALAKOVA, Tania",Bulgaria,Aquatics,Women,1988,1,0,0.4761436835951379
"JEWELL, Lynne M.",United States,Sailing,Women,1988,1,1,0.534486657194538
"KUZNETSOVA, Eugenia",Russia,Gymnastics,Women,1996,0,1,0.5172138211355131
"KIRCHHOFF, Ulrich",Germany,Equestrian,Men,1996,1,0,0.4796395537156166
"FLESSEL-COLOVIC, Laura",France,Fencing,Women,2004,0,0,0.48496521948400134
"PERKUCIN, Gordana",Yugoslavia,Table Tennis,Women,1988,0,1,0.5362313484592325
BRENO,Brazil,Football,Men,2008,0,0,0.4623682941014007
"MASKOLIUNAS, Darius",Lithuania,Basketball,Men,2000,0,0,0.4973337920972395
"ZHANG, Yining",China,Table Tennis,Women,2004,1,0,0.463585814983978
"DOMBECK, Carola",East Germany,Gymnastics,Women,1976,0,0,0.4799114363456657
"DOROFTEI, Leonard Dorin",Romania,Boxing,Men,1992,0,1,0.5145641170900426
"LESTER, Jocelyn",Australia,Softball,Women,1996,0,0,0.45709746752449243
"HUEGILL, Geoff",Australia,Aquatics,Men,2000,0,0,0.4621420857812488
"MOLIBOGA, Oleg",Soviet Union,Volleyball,Men,1976,0,1,0.5086382728925204
"TIKHONENKO, Valeri",Soviet Union,Basketball,Men,1988,1,1,0.5182902447627783
"WEIGELT-BUHR, Liane",East Germany,Rowing,Women,1980,1,0,0.47382045229428865
"PRIESTMAN, Richard John",United Kingdom,Archery,Men,1992,0,1,0.5352315140555948
"JARRYD, Anders",Sweden,Tennis,Men,1988,0,1,0.513794252705661
"YURCHENKO, Vasili",Soviet Union,Canoe / Kayak,Men,1976,0,1,0.5169609994198002
"MUTLU, Halil",Turkey,Weightlifting,Men,2000,1,1,0.5182631177849417
"BEKETOV, Aleksandr",Russia,Fencing,Men,1996,0,1,0.5135495015228148
"SOFRONIE, Nicoleta Daniela",Romania,Gymnastics,Women,2004,1,1,0.5148889116739286
"GOMEZ PORTUGAL, Jesus",Mexico,Equestrian,Men,1980,0,0,0.4993391842148325
"JOHNSON, Kathryn Louise",United Kingdom,Hockey,Women,1992,0,1,0.5359321411455056
"SUSANTI, Susi",Indonesia,Badminton,Women,1996,0,0,0.4937692171758751
"WEIS, Frederic",France,Basketball,Men,2000,0,0,0.4782101716731753
"ROJE, Zoran",Yugoslavia,Aquatics,Men,1980,0,1,0.5411857249150458
"SCHUIL, Richard",Netherlands,Volleyball,Men,1996,1,0,0.492013655452951
"KIM, Dong Moon","Korea, South",Badminton,Men,1996,1,0,0.4957529726918502
"HERNANDEZ, Maria de la Paz",Argentina,Hockey,Women,2000,0,0,0.4596855386861065
"SANG, Xue",China,Aquatics,Women,2000,1,0,0.4762882202631371
"AITKEN, Brett",Australia,Cycling,Men,1996,0,0,0.45931915687540875
"TAKAMI, Yasunori",Japan,Baseball,Men,1992,0,0,0.49069201317759736
"ANGERER, Nadine",Germany,Football,Women,2000,0,0,0.486806746936508
"LI, Na",China,Aquatics,Women,2000,1,0,0.4774251308194039
"GAFENCU, Liliana",Romania,Rowing,Women,2004,1,1,0.5145266404188918
"MENENDEZ VALLIN, Alfonso",Spain,Archery,Men,1992,1,1,0.5224233927985101
"LUKOMSKY, Boris",Soviet Union,Fencing,Men,1980,0,1,0.5171918842225994
"JEANNET, Fabrice",France,Fencing,Men,2008,0,0,0.47772384615867103
"HEDGEPETH, Whitney L.",United States,Aquatics,Women,1996,0,1,0.5445201058862492
"SLOAN, Bridget",United States,Gymnastics,Women,2008,0,1,0.535582002564718
"O'GRADY, Stuart",Australia,Cycling,Men,1996,0,0,0.45658481923290944
"JOHNSON, Lawrence",United States,Athletics,Men,2000,0,1,0.5365401409519727
"CANTO GUDINO, Ernesto",Mexico,Athletics,Men,1984,1,1,0.5039033771645892
"ADLINGTON, Rebecca",United Kingdom,Aquatics,Women,2008,1,1,0.5450400463921838
"DJURICA, Mirjana",Yugoslavia,Handball,Women,1984,1,1,0.5428215640586666
"ZANDER, Thomas",Germany,Wrestling,Men,1996,0,0,0.4672487564895365
"SMITH, Lamont",United States,Athletics,Men,1996,1,1,0.5347875970845054
"ROLLAND, Jean Christophe",France,Rowing,Men,1996,0,0,0.4725083572774783
"LOPEZ, Raul",Spain,Basketball,Men,2008,0,1,0.5201199749759082
"KULIKOV, Vladislav",Russia,Aquatics,Men,1996,0,1,0.5173332428526377
"EGOROV, Grigori",Soviet Union,Athletics,Men,1988,0,1,0.522830692173933
"GREVERS, Matt",United States,Aquatics,Men,2008,1,1,0.5378847891968783
"NEMOV, Alexei",Russia,Gymnastics,Men,1996,0,1,0.5099893264352465
"KIM, Jung Joo","Korea, South",Boxing,Men,2004,0,0,0.49391865939830476
"GUAN, Weizhen",China,Badminton,Women,1992,0,0,0.47677075926948376
"DANINTHE, Sarah",France,Fencing,Women,2004,0,0,0.48529723661964136
"FLOWERS, Tairia",United States,Softball,Women,2008,0,1,0.5335936466710839
"KOSTADINOVA, Stefka",Bulgaria,Athletics,Women,1988,0,0,0.473421754097425
"UMPONMAHA, Dhawee",Thailand,Boxing,Men,1984,0,1,0.5250760538398657
"SOTNIKOVA, Yulia",Russia,Athletics,Women,2000,0,1,0.5211728599031031
"STOITCHEV, Trendafil",Bulgaria,Weightlifting,Men,1976,0,0,0.45216785556293837
"BURYAKINA, Olga",Soviet Union,Basketball,Women,1988,0,1,0.5281901345897656
"OBIKWELU, Francis",Portugal,Athletics,Men,2004,0,1,0.5126369125481791
"DITYATIN, Aleksandr",Soviet Union,Gymnastics,Men,1976,0,1,0.5176069253086006
"WARTENBERG, Frank",East Germany,Athletics,Men,1976,0,0,0.47567790693742606
"KNEGO, Andro",Yugoslavia,Basketball,Men,1984,0,1,0.539655250075656
"MESTER, Djula",Yugoslavia,Volleyball,Men,1996,0,1,0.5277420390810149
"DAMETTO, Giancarlo",Italy,Volleyball,Men,1984,0,0,0.48083091175579196
"ZHENG, Xiulin",China,Basketball,Women,1992,0,0,0.47267837394154255
"GERGELY, Istvan",Hungary,Aquatics,Men,2004,1,0,0.48850682066441103
"ARCIDIACONO, Angelo",Italy,Fencing,Men,1976,0,0,0.489946703807639
"BATCHELOR, Steven James",United Kingdom,Hockey,Men,1988,1,1,0.5309342874522901
"WEI, Yili",China,Badminton,Women,2008,0,0,0.4736887034872501
"LAETZSCH, Heike",Germany,Hockey,Women,2004,1,0,0.4830790434281368
"BABII, Sorin",Romania,Shooting,Men,1992,0,1,0.5080572013440064
"LANGE, Thomas",East Germany,Rowing,Men,1988,1,0,0.4691211411439151
"CZOPEK, Agnieszka",Poland,Aquatics,Women,1980,0,1,0.5221802833198015
"HORN, Blair J.H.",Canada,Rowing,Men,1984,1,0,0.46107622496400924
"GAVRILENKO, Yevgeni",Soviet Union,Athletics,Men,1976,0,1,0.5228191702430441
"SCURI, Angelo",Italy,Fencing,Men,1984,1,0,0.48649157685990724
"ROBERTS, Tiffany",United States,Football,Women,1996,1,1,0.5366953498140683
"MARX, Michael",West Germany,Cycling,Men,1984,0,1,0.5368289323074261
"LIPEEV, Evgeni",Soviet Union,Modern Pentathlon,Men,1980,1,1,0.5139255513148079
"MONTIETH HERRERA, Frank Andy",Cuba,Baseball,Men,2004,1,0,0.47150277188404394
"ROMERO, Sergio",Argentina,Football,Men,2008,1,0,0.45291153875184803
"CHOMICIUS, Valdemaras",Lithuania,Basketball,Men,1992,0,0,0.4992933048782147
"GONZALEZ, Luis",Argentina,Football,Men,2004,1,0,0.4549439725820703
"KRÄKER, Steffi",East Germany,Gymnastics,Women,1980,0,0,0.47867500665610435
"SPOTAKOVA, Barbora",Czech Republic,Athletics,Women,2008,1,0,0.4787745030285205
"LU, Lin",China,Table Tennis,Men,1996,0,0,0.4592192583591425
"HANISCH, Wolfgang",East Germany,Athletics,Men,1980,0,0,0.4782876085433684
"VAILLANCOURT, Michel",Canada,Equestrian,Men,1976,0,0,0.4632672651902283
"MATEELONG, Richard Kipkemboi",Kenya,Athletics,Men,2008,0,0,0.4941459392934978
"MUZIO, Christine",France,Fencing,Women,1976,0,0,0.4839203589992428
"HENARD, Nicolas",France,Sailing,Men,1992,1,0,0.4737961842852882
"RUNOV, Igor",Soviet Union,Volleyball,Men,1988,0,1,0.5077175876688097
"VAN KESSEL, Lieve",Netherlands,Hockey,Women,2004,0,1,0.5039934462060678
"ANGELICA, Maria",Brazil,Basketball,Women,1996,0,0,0.4728090818377179
"BALIC, Ivano",Croatia,Handball,Men,2004,1,0,0.4682532353100492
"VANDENBERG, Kim",United States,Aquatics,Women,2008,0,1,0.5417829405288241
"FUJIMOTO, Motoko",Japan,Softball,Women,2008,1,0,0.49066244010788285
"ATKINS, Gillian",United Kingdom,Hockey,Women,1992,0,1,0.5374906873599434
"STEFECEKOVA, Zuzana",Slovakia,Shooting,Women,2008,0,1,0.5148863909990884
"CHUKANOV, Viacheslav",Soviet Union,Equestrian,Men,1980,1,1,0.5194176881662373
"ROMEIKE, Hinrich",Germany,Equestrian,Men,2008,1,0,0.4780487491363782
"HOCHSCHORNER, Pavol",Slovakia,Canoe / Kayak,Men,2000,1,1,0.5172490420692845
"FUCHS, Markus",Switzerland,Equestrian,Men,2000,0,1,0.522542745550293
"DAVENPORT, Willie",United States,Athletics,Men,1976,0,1,0.5379591775177109
"RINKE, Christopher",Canada,Wrestling,Men,1984,0,0,0.4539061458487709
"CRAWFORD, Dean",Canada,Rowing,Men,1984,1,0,0.4619114749762973
"AMAT, Pol",Spain,Hockey,Men,2008,0,1,0.5173233146526416
"KAZANKINA, Tatiana",Soviet Union,Athletics,Women,1976,1,1,0.528785332330331
"EVANS, Michael Scott",United States,Aquatics,Men,1988,0,1,0.5385854839805804
"HILL, Clinton",Australia,Athletics,Men,2004,0,0,0.46102541979355804
"ILEGEMS, Roger",Belgium,Cycling,Men,1984,1,0,0.4619954660459517
"CARPENTER-PHINNEY, Helen Constance",United States,Cycling,Women,1984,1,1,0.5412450455020523
"STONES, Dwight Edwin",United States,Athletics,Men,1976,0,1,0.5350737878193574
"HUCLES, Angela",United States,Football,Women,2004,1,1,0.538173708863945
"SORIA CABRERA, Sixto",Cuba,Boxing,Men,1976,0,0,0.46995838840452997
"MOREIRA DE MELO, Fatima",Netherlands,Hockey,Women,2000,0,1,0.5054229229085363
"TRÖGER, Christian",Germany,Aquatics,Men,1996,0,0,0.4826357955482298
"CHIACIG, Roberto",Italy,Basketball,Men,2004,0,0,0.49169961739539875
"AZAROVA, Elena",Russia,Aquatics,Women,2004,1,1,0.5256325817928099
"IGNAT, Doina",Romania,Rowing,Women,2008,0,1,0.5140040803018916
"SOROKINA, Ganna",Ukraine,Aquatics,Women,2000,0,1,0.5396564258778784
"KRUGER, Frantz",South Africa,Athletics,Men,2000,0,1,0.5208502754889012
"LOFGREN, Stefan",Sweden,Handball,Men,1996,0,1,0.5186035498455084
"ROMBALDONI, Rodolfo",Italy,Basketball,Men,2004,0,0,0.48906025289545674
"SÜSS, Birgit",East Germany,Gymnastics,Women,1980,0,0,0.4769820522695311
"VOLLMAR, Harald",East Germany,Shooting,Men,1976,0,0,0.46630567312181803
"OGBEIFO, Ruth",Nigeria,Weightlifting,Women,2000,0,1,0.5005667632252923
"ZAGORODNEV, Oleg",Soviet Union,Hockey,Men,1980,0,1,0.5129842517509113
"EDWARDS, Teresa",United States,Basketball,Women,1984,1,1,0.5424952397730605
"SHEVCHENKO, Lyudmyla",Ukraine,Handball,Women,2004,0,1,0.532503581367916
"BIONDI, Matthew",United States,Aquatics,Men,1992,1,1,0.5391797086495361
"AMAT FONTANALS, Juan",Spain,Hockey,Men,1980,0,1,0.5178700035412734
"SCHOCKEMÖHLE, Alwin",West Germany,Equestrian,Men,1976,0,1,0.535463776184818
"BORON, Kathrin",Germany,Rowing,Women,2004,1,0,0.48310330678534225
"GROTE, Kurt",United States,Aquatics,Men,1996,1,1,0.5381027808866404
"HANSEN, Trine",Denmark,Rowing,Women,1996,0,0,0.4742004550578389
"KUZNETSOV, Yevgeni",Soviet Union,Football,Men,1988,1,1,0.5167127868240533
"AINDILI, Eirini",Greece,Gymnastics,Women,2000,0,0,0.4876568776067408
"KULCSAR, Krisztian",Hungary,Fencing,Men,2004,0,0,0.482115971324428
"BEARD, Amanda",United States,Aquatics,Women,2004,0,1,0.5455590779095009
"ANDRIANOV, Nikolay",Soviet Union,Gymnastics,Men,1980,1,1,0.5182857131267272
"CUOMO, Sandro",Italy,Fencing,Men,1996,1,0,0.48895363237540895
"PREKO, Yaw",Ghana,Football,Men,1992,0,0,0.4780967557214523
"NAKIC-VOJNOVIC, Mihovil",Yugoslavia,Basketball,Men,1980,1,1,0.5389621430635494
"KOSKELA, Harri Matias",Finland,Wrestling,Men,1988,0,0,0.46770818194618996
"IGNATYEV, Mikhail",Russia,Cycling,Men,2008,0,1,0.5131026043806243
"SELARIU, Razvan Dorin",Romania,Gymnastics,Men,2004,0,1,0.5084518254401639
"BISIANI, Matteo",Italy,Archery,Men,2000,0,0,0.4942725970639554
"BELIAKOV, Valeri",Soviet Union,Hockey,Men,1980,0,1,0.5169946001156825
"RICHARDSON, Jackson",France,Handball,Men,1992,0,0,0.4748611020303316
"MIKULICH, Yelena",Belarus,Rowing,Women,1996,0,0,0.46172122946167066
"SOLOMIN, Vasili",Soviet Union,Boxing,Men,1976,0,1,0.518219476038109
"HORNIG, Carola",East Germany,Rowing,Women,1988,1,0,0.4762366648601312
"ARVIDSSON, Pär",Sweden,Aquatics,Men,1980,1,1,0.5282541724726803
"DUMITRESCU, Roxana Daniela",Romania,Fencing,Women,1992,0,1,0.5188880566283719
"GAO, Min",China,Aquatics,Women,1988,1,0,0.4786855893246124
"MONTGOMERY, James Paul",United States,Aquatics,Men,1976,1,1,0.5372263064786489
"BALLANGER, Felicia",France,Cycling,Women,2000,1,0,0.48704213475404795
"IOJA, Viorica",Romania,Rowing,Women,1984,1,1,0.5144549668768054
"KITIC-DASIC, Svetlana",Yugoslavia,Handball,Women,1980,0,1,0.5418716449480773
"BENSON, Kris",United States,Baseball,Men,1996,0,1,0.5369250356552521
"TYLER SHARMAN, Lucy",Australia,Cycling,Women,1996,0,0,0.46200125144475424
"GOLTCHEVA, Nadka",Bulgaria,Basketball,Women,1976,0,0,0.47270211362451503
"POLESKA, Anne",Germany,Aquatics,Women,2004,0,0,0.48992149183786643
"MANAUDOU, Laure",France,Aquatics,Women,2004,1,0,0.4892352578748134
"LEGANGER, Cecilie",Norway,Handball,Women,2000,0,1,0.5091197014491812
"DI MARIA, Angel",Argentina,Football,Men,2008,1,0,0.45531188138873835
"HASSE, Ute",West Germany,Aquatics,Women,1984,0,1,0.5487583020496851
"WANG, Nan",China,Table Tennis,Women,2008,0,0,0.46373975639063125
"DUTTON, Phillip",Australia,Equestrian,Men,2000,1,0,0.45780749780017294
"QUANN, Megan",United States,Aquatics,Women,2000,1,1,0.5428083985373919
"TERWILLIGER, John Richard",United States,Rowing,Men,1984,0,1,0.5264634179175719
"MEARES, Anna",Australia,Cycling,Women,2008,0,0,0.46319099660123514
"DE BRUIJN, Inge",Netherlands,Aquatics,Women,2000,0,1,0.5150523737303921
"BLACK, Roger",United Kingdom,Athletics,Men,1992,0,1,0.5373969588956674
"RADU, Elena",Romania,Canoe / Kayak,Women,2000,0,1,0.5182031529387092
"CHASTAIN, Brandi",United States,Football,Women,2004,1,1,0.5391577740494068
"MILLS, Derek",United States,Athletics,Men,1996,1,1,0.5357803333180172
"ESPOSITO, Franck",France,Aquatics,Men,1992,0,0,0.48426825631882553
"ABBAGNALE, Giuseppe",Italy,Rowing,Men,1984,1,0,0.4860134209712364
"WALKER, Ian",United Kingdom,Sailing,Men,1996,0,1,0.5247305166079662
"VLCEK, Erik",Slovakia,Canoe / Kayak,Men,2004,0,1,0.5146499323178276
"KEMMER, Heike",Germany,Equestrian,Women,2008,0,0,0.4860586601059318
"GUENOT, Christophe",France,Wrestling,Men,2008,0,0,0.4686175602119711
"TALVARD, Bernard",France,Fencing,Men,1976,0,0,0.4762738725534231
"TEWKSBURY, Mark",Canada,Aquatics,Men,1992,1,0,0.4680851467302059
"VOLODENKOV, Vladimir",Russia,Rowing,Men,1996,0,1,0.5058801342272408
"KIELAN, Urszula",Poland,Athletics,Women,1980,0,1,0.5199659739148639
"PELLEGRINI, Federica",Italy,Aquatics,Women,2008,1,0,0.49864453539409537
"KIDO, Markis",Indonesia,Badminton,Men,2008,1,0,0.48882138771227446
"SAMUEL RAMOS, Adriana",Brazil,Volleyball,Women,1996,0,0,0.45852133983967064
"ZOCH, Jacqueline Jean",United States,Rowing,Women,1976,0,1,0.5326173348648565
"VADASZ, Maria",Hungary,Handball,Women,1976,0,0,0.48567104120618343
"WILD-WAGNER, Ute",East Germany,Rowing,Women,1988,1,0,0.4736295233008821
"MEAGHER, Mary T.",United States,Aquatics,Women,1988,0,1,0.5436496620940364
"CAVANAUGH, Christopher Carl",United States,Aquatics,Men,1984,1,1,0.5391118343068536
"VATACHKA, Vjara",Bulgaria,Gymnastics,Women,1996,0,0,0.46571480768392265
"BAUMGART, Bernd",East Germany,Rowing,Men,1976,1,0,0.471205621493441
"THREDGOLD, Gavin",Australia,Rowing,Men,1984,0,0,0.4508286294796278
"SWAN, Isabel",Brazil,Sailing,Women,2008,0,0,0.4617772036893975
"TRINQUET-HACHIN, Pascale",France,Fencing,Women,1980,1,0,0.48262651872376044
"RAIKOV, Georgi",Bulgaria,Wrestling,Men,1980,1,0,0.4520681526030374
"POPOVA, Valentina",Russia,Weightlifting,Women,2000,0,1,0.5083784183253187
"TRAINEAU, Stephane",France,Judo,Men,2000,0,0,0.4729056140340387
"MUELLER, Maximilian",Germany,Hockey,Men,2008,1,0,0.47587061816801046
"RECZI, Laszlo",Hungary,Wrestling,Men,1976,0,0,0.4721218321737178
"ISHCHENKO, Natalia",Russia,Aquatics,Women,2008,1,1,0.5240929369808329
"SAPENTER, Deborah Elaine",United States,Athletics,Women,1976,0,1,0.5419227716211219
"HAKANSSON, Ulla",Sweden,Equestrian,Women,1984,0,1,0.5284943315697083
"MOWLIK, Piotr",Poland,Football,Men,1976,0,1,0.507662878359772
"ADKINS, Derrick",United States,Athletics,Men,1996,1,1,0.5382994782615417
"CASLARU, Beatrice",Romania,Aquatics,Women,2000,0,1,0.5246547798867873
"HOMFELD, Conrad E.",United States,Equestrian,Men,1984,1,1,0.5331541790349057
"KVIRKELIA, Manuchar",Georgia,Wrestling,Men,2008,1,0,0.4685625413103116
"ROBINSON, Garth",Jamaica,Athletics,Men,1996,0,0,0.49158502095780493
"HANSEN, Brendan",United States,Aquatics,Men,2004,0,1,0.5378698340307674
"TORRES, Regla",Cuba,Volleyball,Women,1996,1,0,0.46531912289781036
"PEIRSOL, Aaron",United States,Aquatics,Men,2004,1,1,0.5363502393293431
"PINE, Adam",Australia,Aquatics,Men,2000,1,0,0.4607156294090835
"MEAGHER, Mary T.",United States,Aquatics,Women,1984,1,1,0.5437270415037392
"ESHINOV, Vladimir",Soviet Union,Rowing,Men,1976,1,1,0.5146892563607438
"FYNES, Sevatheda",Bahamas,Athletics,Women,1996,0,0,0.4700852697486945
"BALLA, Jozsef",Hungary,Wrestling,Men,1976,0,0,0.4750707976394349
"LINN, Jeremy",United States,Aquatics,Men,1996,0,1,0.5372105154783752
"BOUBE, Didier",France,Modern Pentathlon,Men,1984,0,0,0.4761278550554812
"BABASHOFF, Shirley Farber",United States,Aquatics,Women,1976,1,1,0.5461856511263462
"HUANG, Xu",China,Gymnastics,Men,2008,1,0,0.4646907737938596
"PONTING, Thomas",Canada,Aquatics,Men,1988,0,0,0.46892244131002886
"SIERING, Laura Gail",United States,Aquatics,Women,1976,0,1,0.5428843224195213
"PILGUI, Vladimir",Soviet Union,Football,Men,1980,0,1,0.5159393997808472
"JEONG, Myung-Hee","Korea, South",Basketball,Women,1984,0,1,0.5016117963363993
"TANASA-FRICIOIU, Maria",Romania,Rowing,Women,1984,1,1,0.5123132734897303
"BANDOLOWSKI, Valdemar",Denmark,Sailing,Men,1980,1,0,0.468612003214393
"OGIENKO, Valentina",Soviet Union,Volleyball,Women,1988,1,1,0.5147671064942528
"ZAPRIANOV, Petar",Bulgaria,Shooting,Men,1980,0,0,0.4553131920313802
"TSYLINSKAYA, Natallia",Belarus,Cycling,Women,2004,0,0,0.4651970782344465
"CHARIKOV, Serguei",Russia,Fencing,Men,2000,1,1,0.5131692063551031
"PARRY, Stephen",United Kingdom,Aquatics,Men,2004,0,1,0.5357140704771908
"QUELLMALZ, Udo",Germany,Judo,Men,1992,0,0,0.4751711749073879
"WOHLLEBE, Andre",East Germany,Canoe / Kayak,Men,1988,0,0,0.47258483306287774
"KERR, John",Canada,Sailing,Men,1984,0,0,0.46025511996053425
"ELIASSON, Marthe",Norway,Handball,Women,1988,0,1,0.5105507026591523
"MYDEN, Curtis Allen",Canada,Aquatics,Men,1996,0,0,0.4691319602290766
"SIMON, Mircea",Romania,Boxing,Men,1976,0,1,0.5122562453742621
"NEWHOUSE, Frederick Vaughn",United States,Athletics,Men,1976,1,1,0.5359946435244471
"GLUSHCHENKO, Tatyana",Soviet Union,Handball,Women,1976,1,1,0.523223530956527
"HANSON, Boden Joseph",Australia,Rowing,Men,1996,0,0,0.4529795267965262
"STARBROOK, David Colin",United Kingdom,Judo,Men,1976,0,1,0.5272402482534168
"ATTRILL, Louis",United Kingdom,Rowing,Men,2000,1,1,0.5291213821620986
"UEHARA, Koji",Japan,Baseball,Men,2004,0,0,0.49028069668891866
"ENGQUIST, Ludmila",Sweden,Athletics,Women,1996,1,1,0.5325555138781588
"LAMOUR, Jean-Francois",France,Fencing,Men,1992,0,0,0.4776164218990115
"SAITO, Hitoshi",Japan,Judo,Men,1984,1,0,0.48516275760102273
"MELO, Jose Marco",Brazil,Volleyball,Men,2000,0,0,0.4527310916986629
"VOLKERT, Stephan",Germany,Rowing,Men,1992,1,0,0.47312244924947394
"KORN, Oliver",Germany,Hockey,Men,2008,1,0,0.4765475984568575
"PANTAZI, Charikleia",Greece,Gymnastics,Women,2000,0,0,0.48480565150564364
"FASUBA, Olusoji",Nigeria,Athletics,Men,2004,0,1,0.5090406771799024
"THEISMANN, Dirk",West Germany,Aquatics,Men,1984,0,1,0.5398813545349065
"KIRSANOV, Sergei",Soviet Union,Canoe / Kayak,Men,1988,0,1,0.5191175951128117
"GOGEAN, Gina Elena",Romania,Gymnastics,Women,1996,0,1,0.5173549580988033
"YANOVYCH, Iryna",Ukraine,Cycling,Women,2000,0,1,0.5345735658792867
"BEHR, Matthias",West Germany,Fencing,Men,1984,0,1,0.5378650641555962
"PROKHOROVA, Yelena",Russia,Athletics,Women,2000,0,1,0.5216852429342728
"LYUTYI, Vladimir",Soviet Union,Football,Men,1988,1,1,0.5164645025905177
"ACEVES, Daniel",Mexico,Wrestling,Men,1984,0,0,0.4904970704668888
"BELL, Regla Maritza",Cuba,Volleyball,Women,1992,1,0,0.4689706679776293
"ZIOLKOWSKI, Szymon",Poland,Athletics,Men,2000,1,1,0.5104890990057357
"CONNER, Barthold Wayne",United States,Gymnastics,Men,1984,1,1,0.5323513455679142
"RASMUSSEN, Mads Reinholdt",Denmark,Rowing,Men,2008,0,0,0.4656954101373156
"TERGAT, Paul",Kenya,Athletics,Men,1996,0,0,0.493016455661552
"MARK, Russell",Australia,Shooting,Men,1996,1,0,0.45090528227479804
"CHOW, Amy",United States,Gymnastics,Women,2000,0,1,0.5386338747817616
"CHO, Eun-Jung","Korea, South",Hockey,Women,1996,0,0,0.4974421994581025
"LATAMBLET DAUDINOT, Norka",Cuba,Volleyball,Women,1992,1,0,0.4671425394269461
"O'CONNOR, Mary Anne",United States,Basketball,Women,1976,0,1,0.5408199450692671
"PLESHAKOV, Vladimir",Soviet Union,Hockey,Men,1980,0,1,0.514257743106245
"WILLIAMS, Venus",United States,Tennis,Women,2000,1,1,0.5290110727625509
"DELGADO DIEZ, Jose Raul",Cuba,Baseball,Men,1992,1,0,0.47353759004744456
"CAO, Mianying",China,Rowing,Women,1996,0,0,0.46974278325359425
"SCHWIZER, Pius",Switzerland,Equestrian,Men,2008,0,1,0.520109829251818
"LEHMANN, Helma",East Germany,Rowing,Women,1976,1,0,0.4758547046791371
"SUTHERLAND, Ivan",New Zealand,Rowing,Men,1976,0,0,0.49789594003086785
"PEIRSOL, Aaron",United States,Aquatics,Men,2008,1,1,0.5362726758524688
"DUMITRU, Marian",Romania,Handball,Men,1980,0,1,0.5108787840068726
"CHEN, Ying",China,Shooting,Women,2008,1,0,0.4683334902753635
"GUNNARSSON, Robert",Iceland,Handball,Men,2008,0,0,0.48172850941048867
"LEE, Kyungwon","Korea, South",Badminton,Women,2008,0,1,0.5017952041824681
"DWYER, Patrick",Australia,Athletics,Men,2004,0,0,0.4615947539339982
"WAIBEL JR, Wolfram",Austria,Shooting,Men,1996,0,0,0.44991314400800336
"CALCATERRA, Roberto",Italy,Aquatics,Men,1996,0,0,0.49473442495820186
"SUKHARNOVA, Olga",Soviet Union,Basketball,Women,1976,1,1,0.5252363932276833
"BEARD, Amanda",United States,Aquatics,Women,2004,0,1,0.5455590779095009
"COVENTRY, Kirsty",Zimbabwe,Aquatics,Women,2008,1,1,0.5510202320885855
"PARK, Eun-Chul","Korea, South",Wrestling,Men,2008,0,0,0.48112179673115113
"SIRANIDIS, Nikolaos",Greece,Aquatics,Men,2004,1,0,0.4841951711869787
"NASSIRI-SERESHT, Mohammad",Iran,Weightlifting,Men,1976,0,0,0.47646781062587557
"LIN, Dan",China,Badminton,Men,2008,1,0,0.469020314230807
"GOUVEIA, Antonio Carlos",Brazil,Volleyball,Men,1992,1,0,0.4540828660021419
"SHAN, Ying",China,Aquatics,Women,1996,0,0,0.4762485669088839
"RICHARDSON, Dorothy",United States,Softball,Women,2000,1,1,0.5316582553880375
"GANE, Laurent",France,Cycling,Men,2004,0,0,0.47941871677299913
"EDLING, Rolf",Sweden,Fencing,Men,1976,1,1,0.5219763549915998
"TAYLOR, Leon",United Kingdom,Aquatics,Men,2004,0,1,0.5348469134935511
"GIUROVA, Krassimira",Bulgaria,Basketball,Women,1976,0,0,0.4727248174085088
"WINTER, Martin",East Germany,Rowing,Men,1980,1,0,0.46720188408725477
"SKAH, Khalid",Morocco,Athletics,Men,1992,1,1,0.5027573591968453
"CAIRNS, Christopher",Australia,Sailing,Men,1984,0,0,0.45356350850903243
"HALUPCZOK, Joachim",Poland,Cycling,Men,1988,0,1,0.5103432538707343
"O'FARRILL, Raisa",Cuba,Volleyball,Women,1992,1,0,0.46646970321566444
"KNIGHTON, Margaret",New Zealand,Equestrian,Women,1988,0,1,0.510474695419972
"MANKOVA, Svetlana",Soviet Union,Handball,Women,1988,0,1,0.5218684548151974
"COOK, Natalie",Australia,Volleyball,Women,2000,1,0,0.455744819761763
"GROAPA, Vasile",Romania,Weightlifting,Men,1984,0,1,0.5031543370283881
"VILAGOS, Penny",Canada,Aquatics,Women,1992,0,0,0.47441905369236353
"SCHULZ, Andreas",East Germany,Rowing,Men,1976,0,0,0.4680520579573871
"OZKAN, Sibel",Turkey,Weightlifting,Women,2008,0,1,0.5244765772196126
"VISNJIC, Biserka",Yugoslavia,Handball,Women,1984,1,1,0.5396701945945899
MAURINE,Brazil,Football,Women,2008,0,0,0.46690919943983444
"PIMENOV, Nikolai",Soviet Union,Rowing,Men,1980,0,1,0.5126019921432918
"FRATICA, Mircea",Romania,Judo,Men,1984,0,1,0.5094897519021063
"VECCHIATIO, Renzo",Italy,Basketball,Men,1980,0,0,0.4887740773014999
"PUCCINI, Alessandro",Italy,Fencing,Men,1996,1,0,0.4865960633276229
"FISCHER, Birgit",Germany,Canoe / Kayak,Women,2000,1,0,0.4880606114363118
"ARTAMONOVA, Evgenya",Russia,Volleyball,Women,2004,0,1,0.5117663935932113
"LIND, Joan Louise",United States,Rowing,Women,1984,0,1,0.5345841140785984
"EICHHOLZ, Armin",West Germany,Rowing,Men,1988,1,1,0.5332301759947063
"LOCHTE, Ryan",United States,Aquatics,Men,2008,1,1,0.5369487062107369
"BRINKMAN, Jacques",Netherlands,Hockey,Men,2000,1,1,0.5010230171149206
"NEELISSEN, Catalien",Netherlands,Rowing,Women,1984,0,1,0.5039691626515677
"JOY, Gregory",Canada,Athletics,Men,1976,0,0,0.4693479585864472
"SCHMITT, Arnd Rüdiger",West Germany,Fencing,Men,1988,1,1,0.5346803805215415
"TURCHINA, Zinaida",Soviet Union,Handball,Women,1980,1,1,0.5204919192216781
"FARGIS, Joseph Halpin, Iv",United States,Equestrian,Men,1988,0,1,0.5335833645930878
"BARRE, Alexandra",Canada,Canoe / Kayak,Women,1984,0,0,0.47449151822286445
"MILLS, Robert",Canada,Rowing,Men,1984,0,0,0.46006708072333047
"LOCHTE, Ryan",United States,Aquatics,Men,2008,0,1,0.5369487062107369
"MCGEE, Bradley",Australia,Cycling,Men,1996,0,0,0.4569008524412753
"ALBUQUERQUE, Carolina",Brazil,Volleyball,Women,2008,1,0,0.4615478284201419
"FITZGERALD-BROWN, Benita",United States,Athletics,Women,1984,1,1,0.5440237129960201
"BUSCHSCHULTE, Antje",Germany,Aquatics,Women,2004,0,0,0.4924568378879461
"TISHKO, Mikhail",Soviet Union,Fencing,Men,1988,0,1,0.5155027834608282
"RYTOVA, Galina",Russia,Aquatics,Women,2000,0,1,0.5225794437430865
"KIRCHBACH, Gunar",Germany,Canoe / Kayak,Men,1996,1,0,0.4807518291229671
"DUVHOLT, Kristine",Norway,Handball,Women,1992,0,1,0.5105086408205628
"OLSEN, Jon",United States,Aquatics,Men,1992,1,1,0.5366904075975172
"NISIMA, Maureen",France,Fencing,Women,2004,0,0,0.483291845204968
"VAN STEENIS, Niels",Netherlands,Rowing,Men,1996,1,0,0.4958936974631941
"VINENT, Hector",Cuba,Boxing,Men,1992,1,0,0.4692088939125362
"LI, Zhongyun",China,Judo,Women,1992,0,0,0.4692499801741552
"YONEDA, Yoko",Japan,Aquatics,Women,2000,0,0,0.49882277994685814
"VOINEA, Maricel",Romania,Handball,Men,1984,0,1,0.5076764242131961
"BLASBERG, Claudia",Germany,Rowing,Women,2000,0,0,0.4832274557345312
"RYFFEL, Markus",Switzerland,Athletics,Men,1984,0,1,0.5245860662857749
"GREENE, Maurice",United States,Athletics,Men,2004,0,1,0.5368610536855137
"LEE, Ki-Soon","Korea, South",Handball,Women,1988,1,0,0.49662196618926147
"EBERT, Thomas",Denmark,Rowing,Men,2004,1,0,0.46796293931982247
"VOLLMAR, Harald",East Germany,Shooting,Men,1980,0,0,0.46622805331680395
"BACH, Michael",United States,Rowing,Men,1984,0,1,0.5300821280781546
"PAVLOVICH, Yaroslava",Belarus,Rowing,Women,1996,0,0,0.46134062418615085
"MCNAUGHT, Lesley",Switzerland,Equestrian,Women,2000,0,1,0.52776131782079
"OSHIMA, Koichi",Japan,Baseball,Men,1992,0,0,0.4915832989877199
"SCHAUDT, Martin",Germany,Equestrian,Men,1996,1,0,0.47815394665533184
"DIRKMAAT, Megan",United States,Rowing,Women,2004,0,1,0.5355645648805534
"MARSON, Lou",United States,Baseball,Men,2008,0,1,0.5345896079367153
"MCCARTHY, Margaret Ann",United States,Rowing,Women,1976,0,1,0.534506928324001
"SMITH, Martin",United Kingdom,Aquatics,Men,1980,0,1,0.5355367277345265
"BERBEROVA, Lalka Stoyanova",Bulgaria,Rowing,Women,1988,0,0,0.46678427565275776
"RYU, Ji-Hye","Korea, South",Table Tennis,Women,1996,0,0,0.4908653600297216
"BURROUGHS, Sean",United States,Baseball,Men,2000,1,1,0.5366543965739419
"MARDEN, Anne R.",United States,Rowing,Women,1988,0,1,0.5343444088169028
"JO, Hae-Chung","Korea, South",Volleyball,Women,1976,0,0,0.4906243689253855
"PARKER, Denise",United States,Archery,Women,1988,0,1,0.5426813487479789
"ZHANG, Na",China,Volleyball,Women,2004,1,0,0.4613810613215728
"GONCALVES, Lilian Cristina",Brazil,Basketball,Women,2000,0,0,0.47156358710477086
"KOZLOVA, Anna",United States,Aquatics,Women,2004,0,1,0.5438189075767479
"HAUGHTON, Greg",Jamaica,Athletics,Men,1996,0,0,0.4933604156853839
"GRUNER, Klaus",East Germany,Handball,Men,1980,1,0,0.4722542760931828
"MELIKYAN, Arsen",Armenia,Weightlifting,Men,2000,0,0,0.446208757528855
"COVENTRY, Kirsty",Zimbabwe,Aquatics,Women,2008,0,1,0.5510202320885855
"PARET, Eduardo",Cuba,Baseball,Men,2008,0,0,0.47114038336729047
"LAVRENOV, Sergei",Belarus,Weightlifting,Men,2000,0,0,0.45056609890073446
"LIU, Shoubin",China,Weightlifting,Men,1992,0,0,0.45658214909967376
"SONKO, Mustapha",France,Basketball,Men,2000,0,0,0.4787460464110979
"PECKOLT, Hannes",Germany,Sailing,Men,2008,0,0,0.4733607504614883
"ROBINSON, Arnie",United States,Athletics,Men,1976,1,1,0.5355154294167789
"ROUSE, Jeff Norman",United States,Aquatics,Men,1996,1,1,0.5361821002344865
"KRAUSE, Barbara",East Germany,Aquatics,Women,1980,1,0,0.4853685225520288
"JIMENEZ FERNANDEZ, Andres",Spain,Basketball,Men,1984,0,1,0.5211680599304715
"HERNANDEZ, Ariel",Cuba,Boxing,Men,1996,1,0,0.47166422862902607
"STURRUP, Chandra",Bahamas,Athletics,Women,2000,1,0,0.46748865384623967
"WAYTE, Mary Alice",United States,Aquatics,Women,1984,1,1,0.5421156602202606
"BERKOFF, David Charles",United States,Aquatics,Men,1992,1,1,0.5392054090420642
"GREEN, Deborah",United States,Volleyball,Women,1984,0,1,0.5310618624026839
"TOURNANT, Arnaud",France,Cycling,Men,2004,0,0,0.4767183536246779
"KULCSAR, Anita",Hungary,Handball,Women,2000,0,0,0.48710105105553997
"TAN, Liang-De",China,Aquatics,Men,1992,0,0,0.46946909238233697
"KEGEL, Oliver Michael",Germany,Canoe / Kayak,Men,1992,1,0,0.48091601713763266
"COVENTRY, Kirsty",Zimbabwe,Aquatics,Women,2004,1,1,0.5510973936898447
"LAUMANN, Daniele",Canada,Rowing,Women,1984,0,0,0.4670512204984537
"BARTELS DE VRIES, Maria Anna",Netherlands,Equestrian,Women,1996,0,1,0.5106757577962489
"GROZDEVA, Maria",Bulgaria,Shooting,Women,1996,0,0,0.4644858271301132
"SCHURENKO, Roman",Ukraine,Athletics,Men,2000,0,1,0.5321830864622319
"PRINZ, Birgit",Germany,Football,Women,2004,0,0,0.483756066796221
"LOPEZ, Hector",Mexico,Boxing,Men,1984,0,0,0.49992199585275005
"TORRES, Aureliano",Paraguay,Football,Men,2004,0,1,0.50387989838743
"NASCIMENTO, Iomar",Brazil,Football,Men,1988,0,0,0.46049952744354267
"FISCHER, Fanny",Germany,Canoe / Kayak,Women,2008,1,0,0.4879039806117837
"LOVELESS, Lea",United States,Aquatics,Women,1992,1,1,0.5437714483300615
"PUTTLITZ, Jörg",West Germany,Rowing,Men,1988,0,1,0.5311004288550201
"TRAURIG, Christine",United States,Equestrian,Women,2000,0,1,0.5370574629301559
"VLIEGHUIS, Kirsten",Netherlands,Aquatics,Women,1996,0,1,0.5118678384525828
"KUNZ, Florian",Germany,Hockey,Men,2004,0,0,0.476539522053788
"HILDENBRAND, Klaus-Peter",West Germany,Athletics,Men,1976,0,1,0.5412193700767283
"ASHFORD, Evelyn",United States,Athletics,Women,1988,1,1,0.5448722290174844
"HOY, Chris",United Kingdom,Cycling,Men,2004,1,1,0.532632184683642
"FOUR, Paul",France,Modern Pentathlon,Men,1984,0,0,0.4754309079801889
"SHARMAI, Liubov",Soviet Union,Basketball,Women,1980,1,1,0.5253842109469725
"ERYSHOV, Alexandre",Russia,Aquatics,Men,2004,0,1,0.5182359940097037
"GARCIA PEREZ, Oscar",Cuba,Fencing,Men,1992,0,0,0.4698326895517385
"SOLOVOVA, Olga",Soviet Union,Volleyball,Women,1980,1,1,0.5141535806597017
"DEFERR, Gervasio",Spain,Gymnastics,Men,2004,1,1,0.5177929890192606
"RETTON, Mary-Lou",United States,Gymnastics,Women,1984,1,1,0.5364121867057977
"LAPITSKI, Vladimir",Soviet Union,Fencing,Men,1980,0,1,0.5173911865655079
"COLLINS, Daniel",Australia,Canoe / Kayak,Men,1996,0,0,0.45924542436266147
"HEESE, Mark",Canada,Volleyball,Men,1996,0,0,0.4565097119707805
"GONCHAROV, Valeri",Ukraine,Gymnastics,Men,2000,0,1,0.528770484492849
"BEAUD, Clement",Cameroon,Football,Men,2000,1,0,0.4647023300677865
"GOLDER, Thomas Douglas",Australia,Hockey,Men,1976,0,0,0.4551736404522168
"STEVENSON, Teofilo",Cuba,Boxing,Men,1980,1,0,0.4698276271191943
"SHI, Zhiyong",China,Weightlifting,Men,2004,1,0,0.4551334134264616
"BETTINI, Paolo",Italy,Cycling,Men,2004,1,0,0.49032023529951313
"TIGIYEV, Taimuraz",Kazakhstan,Wrestling,Men,2008,0,0,0.4781815611667645
"RICHTER, Simona Marcela",Romania,Judo,Women,2000,0,1,0.5136818321901666
"GERASKOV, Lubomir",Bulgaria,Gymnastics,Men,1988,1,0,0.46209096760919827
"POULSEN, Thomas",Denmark,Rowing,Men,1996,1,0,0.4660062273932742
"NASIR, Ali",Pakistan,Hockey,Men,1984,1,1,0.5024242382617261
"URZICA, Marius Daniel",Romania,Gymnastics,Men,2004,0,1,0.5079467405281073
"STEINMETZ, Barnabas",Hungary,Aquatics,Men,2000,1,0,0.4861678793468713
"MAREN, Juan Luis",Cuba,Wrestling,Men,2000,0,0,0.4590606405276955
"BELENKI, Valeri",Unified team,Gymnastics,Men,1992,0,1,0.5305869232315504
"WIRANATA, Ardy Bernardus",Indonesia,Badminton,Men,1992,0,0,0.486786709854507
"FRISCHKNECHT, Thomas",Switzerland,Cycling,Men,1996,0,1,0.5231831444837318
"GURYEVA, Elena",Soviet Union,Hockey,Women,1980,0,1,0.5224768282702092
"PETRIV, Oleksandr",Ukraine,Shooting,Men,2008,1,1,0.523025224080392
"BRUDEL, Ralf",East Germany,Rowing,Men,1988,1,0,0.47076015317812747
"IOVTCHEV, Iordan",Bulgaria,Gymnastics,Men,2000,0,0,0.461457440625006
"OHR, Martine",Netherlands,Hockey,Women,1984,1,1,0.5055375827841168
"WANG, Liqin",China,Table Tennis,Men,2000,1,0,0.4573565417484639
"GLATSKIKH, Olga",Russia,Gymnastics,Women,2004,1,1,0.5178810720118302
"BEKELE, Kenenisa",Ethiopia,Athletics,Men,2004,1,0,0.48230621793522105
"PALMA, Adiel",Cuba,Baseball,Men,2008,0,0,0.4711526929382036
"NIELSSON, Arne",Denmark,Canoe / Kayak,Men,1992,0,0,0.4719450804253111
"KOLBE, Peter-Michael",West Germany,Rowing,Men,1984,0,1,0.5323243902678656
"CAMPBELL, George Peter",United States,Aquatics,Men,1988,0,1,0.5390703946213592
"BIGGS, Tyrell",United States,Boxing,Men,1984,1,1,0.5360200587390422
"REINECK, Thomas",Germany,Canoe / Kayak,Men,1996,1,0,0.4794794075679154
"JOHNSON, Michael",United States,Athletics,Men,1992,1,1,0.5366948700924281
"XU, Zhi-Qiang",China,Gymnastics,Men,1984,0,0,0.4625040709801555
"CZIURA, Grzegorz",Poland,Weightlifting,Men,1976,0,1,0.501225552130831
"NORRIS, Justin",Australia,Aquatics,Men,2000,0,0,0.4609496199115341
"LALIYEV, Gennadiy",Kazakhstan,Wrestling,Men,2004,0,0,0.4799958737352259
"UNGUREANU, Teodora",Romania,Gymnastics,Women,1976,0,1,0.515074467894594
"OLTEANU, Ioana",Romania,Rowing,Women,1996,1,1,0.5130009651856731
"RADOVIC, Vesna",Yugoslavia,Handball,Women,1980,0,1,0.5406618551307901
"LOPEZ, Nicolas",France,Fencing,Men,2008,0,0,0.47711989596430016
"FABER, Patrick Franciscus Maria",Netherlands,Hockey,Men,1988,0,1,0.5006803189913648
"DINGELDEIN, Margaret",United States,Aquatics,Women,2004,0,1,0.5449630634908484
"PERKINS, Kieren John",Australia,Aquatics,Men,1996,1,0,0.46083493491213756
"CROFT, June",United Kingdom,Aquatics,Women,1984,0,1,0.5448264854052363
"TANG, Jiuhong",China,Badminton,Women,1992,0,0,0.47435734883033875
"LEI, Li",China,Softball,Women,1996,0,0,0.4664462614107503
"NARAZAKI, Noriko",Japan,Judo,Women,1996,0,0,0.4921199773543445
"STEFFENS, Jessica",United States,Aquatics,Women,2008,0,1,0.5421309239080306
"CHTEREV, Simeon",Bulgaria,Wrestling,Men,1988,0,0,0.454383511226861
"SCHOCKEMÖHLE, Alwin",West Germany,Equestrian,Men,1976,1,1,0.535463776184818
"BORON, Kathrin",Germany,Rowing,Women,2008,0,0,0.4830254215204507
"VASILACHE, Lucian",Romania,Handball,Men,1980,0,1,0.5078072439979466
"IGNAT, Doina",Romania,Rowing,Women,2000,1,1,0.5141599060450815
"ILIEVA, Zhaneta",Bulgaria,Gymnastics,Women,2004,0,0,0.46794118784247923
"YOO, Nam-Kyu","Korea, South",Table Tennis,Men,1992,0,0,0.4834015758660621
"DIERS, Ines",East Germany,Aquatics,Women,1980,0,0,0.4865393699388565
"DENG, Yaping",China,Table Tennis,Women,1996,1,0,0.4672364237847227
"LOCHTE, Ryan",United States,Aquatics,Men,2004,0,1,0.5370262542324781
"KOCSIS, Ferenc",Hungary,Wrestling,Men,1980,1,0,0.47325738885728436
"SIAMIONAU, Mikhail",Belarus,Wrestling,Men,2008,0,0,0.4485105060575315
"JIN, Kabyong","Korea, South",Baseball,Men,2008,1,0,0.49510740444865825
"PASTOR, Claudia Maria",Brazil,Basketball,Women,1996,0,0,0.47000080117482346
"BUSTOS, Crystl",United States,Softball,Women,2004,1,1,0.5342609821328631
"ROMASHINA, Svetlana",Russia,Aquatics,Women,2008,1,1,0.5224758096159937
"NYBERG, Katja",Norway,Handball,Women,2008,1,1,0.5083398936480273
"FERGUSON-MCKENZIE, Debbie",Bahamas,Athletics,Women,1996,0,0,0.470190260811294
"CORNET, Lynda",Netherlands,Rowing,Women,1984,0,1,0.5059964030937367
"LI, Ju",China,Table Tennis,Women,2000,1,0,0.4657805752854718
"VAIHINGER, Jörg",West Germany,Athletics,Men,1988,0,1,0.5385566823822172
"MILLER, Shannon",United States,Gymnastics,Women,1992,0,1,0.5368705255679601
"HYUN, Jung Hwa","Korea, South",Table Tennis,Women,1988,1,0,0.4927333064042529
"POWELL, Michael Anthony",United States,Athletics,Men,1992,0,1,0.5353548652028038
"ZHANG, Xiaodong",China,Sailing,Women,1992,0,0,0.4654825318546163
"FRANCIA, Mirka",Cuba,Volleyball,Women,1996,1,0,0.46806724839111225
"WILLIAMS, Novelene",Jamaica,Athletics,Women,2004,0,0,0.4970550068233733
"ESPESETH, Gro",Norway,Football,Women,2000,1,1,0.5113968156574218
"HOGNESS, Hanne",Norway,Handball,Women,1988,0,1,0.5099889829530692
"TISHCHENKO, Alexey",Russia,Boxing,Men,2004,1,1,0.5120551582629198
"ICHO, Kaori",Japan,Wrestling,Women,2008,1,0,0.4863158542395661
"O'NEILL, Susan",Australia,Aquatics,Women,1992,0,0,0.4676296198508042
"HASLAM, Juliet",Australia,Hockey,Women,2000,1,0,0.46107193080350006
HERNANES,Brazil,Football,Men,2008,0,0,0.4613146229213506
"HADDING, Annette",Germany,Aquatics,Women,1992,0,0,0.49180013072459366
"DAVIS, Howard",Jamaica,Athletics,Men,1988,0,0,0.49419282273586856
"FUNKENHAUSER, Zita-Eva",West Germany,Fencing,Women,1984,1,1,0.5435314821222775
"YURCHENYA, Marina",Soviet Union,Aquatics,Women,1976,0,1,0.52741503256233
"CAVIC, Milorad",Serbia,Aquatics,Men,2008,0,1,0.5206012901093768
"ANNO, Noriko",Japan,Judo,Women,2004,1,0,0.49455607962225867
"RIPPON, Rebecca",Australia,Aquatics,Women,2008,0,0,0.46690938797736986
"BERINGEN, Glenn",Australia,Aquatics,Men,1984,0,0,0.46371163944371985
"ROSOLINO, Massimiliano",Italy,Aquatics,Men,2000,0,0,0.49190738777217524
"WAGNER-AUGUSTIN, Katrin",Germany,Canoe / Kayak,Women,2000,1,0,0.4850646534505918
"ULM, Stefan",Germany,Canoe / Kayak,Men,2000,0,0,0.47863331717722685
"FINK, Rudi",East Germany,Boxing,Men,1980,1,0,0.476407320712546
"MEMMEL, Chellsie",United States,Gymnastics,Women,2008,0,1,0.5366098306701835
"TRICKETT, Lisbeth",Australia,Aquatics,Women,2008,1,0,0.46622852557186933
"DOBRYNSKA, Nataliia",Ukraine,Athletics,Women,2008,1,1,0.5411003028347521
"WEI, Qing-Guang",China,Table Tennis,Men,1988,1,0,0.45756118462800205
"GROSS, Michael",West Germany,Aquatics,Men,1984,1,1,0.5423340261291935
"KUZNETSOV, Viktor",Soviet Union,Aquatics,Men,1980,0,1,0.5229799113521089
"SAGIR, Taner",Turkey,Weightlifting,Men,2004,1,1,0.5175480705299473
"TAKAHIRA, Shinji",Japan,Athletics,Men,2008,0,0,0.4914931114690526
"WEBB, Sarah",United Kingdom,Sailing,Women,2004,1,1,0.5310967674199601
"ANDERSSON, Ramon Dean",Australia,Canoe / Kayak,Men,1992,0,0,0.4598972763345651
"ABATI, Joel",France,Handball,Men,2008,1,0,0.477722666324255
"JANG, Sung Ho","Korea, South",Judo,Men,2004,0,0,0.4891036250853221
"DONOHOE, Shelagh",United States,Rowing,Women,1992,0,1,0.5357654272102925
"SMIRNOV, Andrei",Soviet Union,Aquatics,Men,1976,0,1,0.5215847546675123
"TKACHENKO, Aleksandr",Soviet Union,Rowing,Men,1980,0,1,0.5117630290606643
"SAVIN, Aleksandr",Soviet Union,Volleyball,Men,1980,1,1,0.5077909241659136
"KIRCHHOFF, Detlef",Germany,Rowing,Men,1996,0,0,0.47519758510320526
"ROSSI, Antonio",Italy,Canoe / Kayak,Men,1996,1,0,0.48809072074339666
"JOHNSON, Ben",Canada,Athletics,Men,1984,0,0,0.4692141299327424
"NURIKIAN, Norair",Bulgaria,Weightlifting,Men,1976,1,0,0.4530334320898341
"TIKHONOV, Vladimir",Soviet Union,Gymnastics,Men,1976,0,1,0.514632738126464
"PUSCASU, Vasile",Romania,Wrestling,Men,1988,1,1,0.5007607678980075
"HU, Jia",China,Aquatics,Men,2004,1,0,0.4714244194518507
"KOKENY, Beatrix",Hungary,Handball,Women,2000,0,0,0.4872086626498191
"ARBOS SERRA, Jaime",Spain,Hockey,Men,1980,0,1,0.5178206636723958
"KAISER, Natasha",United States,Athletics,Women,1992,0,1,0.5431982766813853
"PANCHENKO, Yuri",Soviet Union,Volleyball,Men,1980,1,1,0.5082713195727854
"KARELIN, Aleksandr",Russia,Wrestling,Men,2000,0,1,0.5025098377852188
"FISCHER, Birgit",East Germany,Canoe / Kayak,Women,1980,1,0,0.48241869207793237
"CHILD, John",Canada,Volleyball,Men,1996,0,0,0.4573490738586874
"GURENDEZ, Lorena",Spain,Gymnastics,Women,1996,1,1,0.5239476855799938
"NOTARY, Keith",United States,Sailing,Men,1992,0,1,0.5267779512805051
"DZOMBA, Mirza",Croatia,Handball,Men,2004,1,0,0.4675137134431791
"SANCHEZ AMITA, Wilber",Cuba,Wrestling,Men,1992,0,0,0.45828366767226936
"DRUMMOND, Jon",United States,Athletics,Men,2000,1,1,0.5373446954665916
"SANDURSKI, Adam",Poland,Wrestling,Men,1980,0,0,0.4979859321481329
"TERESHINA, Elena",Soviet Union,Rowing,Women,1980,0,1,0.5183843968874372
"VILAGOS, Vicky",Canada,Aquatics,Women,1992,0,0,0.47441866874327254
"SEIDEL, Guenter",United States,Equestrian,Men,2004,0,1,0.5308786176083441
"HEDDLE, Kathleen",Canada,Rowing,Women,1996,0,0,0.46747930364957707
"COCHRAN, Neil",United Kingdom,Aquatics,Men,1984,0,1,0.5383426728258627
"AZNAVOURIAN, Karina",Russia,Fencing,Women,2000,1,1,0.5201558600905865
"LUINI, Elia",Italy,Rowing,Men,2000,0,0,0.48341020751731767
"FROLOVA, Inna",Ukraine,Rowing,Women,1996,0,1,0.53277233502489
"HAMAGUCHI, Kyoko",Japan,Wrestling,Women,2008,0,0,0.4865140909044303
"KOKAS, Leonidas",Greece,Weightlifting,Men,1996,0,0,0.4714896763526368
"CZENE, Attila",Hungary,Aquatics,Men,1992,0,0,0.48922399596400723
"KOZENKOVA, Klavdiya",Soviet Union,Rowing,Women,1976,0,1,0.5202519727068271
"IKETANI, Yukio",Japan,Gymnastics,Men,1992,0,0,0.4883863402874806
"ANDERSSON, Agneta",Sweden,Canoe / Kayak,Women,1992,0,1,0.5307459272354789
"JOYCE, Kara Lynn",United States,Aquatics,Women,2004,0,1,0.5440877573099746
"FERRARI, Giancarlo",Italy,Archery,Men,1976,0,0,0.49402491065710424
"BENELLI, Andrea",Italy,Shooting,Men,2004,1,0,0.4842328266786388
"SAEI, Hadi",Iran,Taekwondo,Men,2004,1,0,0.4775406461607881
"HEUSER, Jürgen",East Germany,Weightlifting,Men,1980,0,0,0.4648917437537395
"TORRES, Dara",United States,Aquatics,Women,2008,0,1,0.5418929352922018
"KOWALCZYK, Wojciech",Poland,Football,Men,1992,0,1,0.5079919772978492
"PILLET, Julien",France,Fencing,Men,2004,1,0,0.4764759724980145
"FERSTL, Karl",Austria,Sailing,Men,1980,0,0,0.45375824096211287
"BODE, Harro",West Germany,Sailing,Men,1976,1,1,0.5335054448047257
"GULLOCK, Gary",Australia,Rowing,Men,1984,0,0,0.4532722232549684
"GILOT, Fabien",France,Aquatics,Men,2008,0,0,0.4837149287453875
"EBERT, Henrietta",East Germany,Rowing,Women,1976,1,0,0.4770739439504918
"CAMPBELL, Christopher",United States,Wrestling,Men,1992,0,1,0.5240307895556359
"PARK, Jinman","Korea, South",Baseball,Men,2000,0,0,0.4940650726396652
"IGLESIAS SOTOLONGO, Roniel",Cuba,Boxing,Men,2008,0,0,0.47132257809059075
"MOON, Hyang-Ja","Korea, South",Handball,Women,1996,0,0,0.49600251331888273
"MÖHRING, Anke",East Germany,Aquatics,Women,1988,0,0,0.4845479226702499
"BOLDT, Harry",West Germany,Equestrian,Men,1976,0,1,0.5384716119042788
"MORICO, Lucia",Italy,Judo,Women,2004,0,0,0.49070013454735756
"UCHE, Okechukwu",Nigeria,Football,Men,1996,1,1,0.5012996496307217
"PRUDNIKOV, Aleksei",Soviet Union,Football,Men,1988,1,1,0.5157026361621159
"EMIRZIAN, Servard",Soviet Union,Aquatics,Women,1980,0,1,0.5306426790539025
"VAZQUEZ, Fabian",Mexico,Equestrian,Men,1980,0,0,0.496608959239403
"DI MARTINO, Jean-Francois",France,Fencing,Men,2000,0,0,0.47872237662618056
"PINGER, Mark",Germany,Aquatics,Men,1992,0,0,0.48360114673665805
"LOVIN, Fita",Romania,Athletics,Women,1984,0,1,0.5221183170940837
"THORSSNESS, Kristen Joy",United States,Rowing,Women,1984,1,1,0.5329977677869371
"YAKIMOV, Yuri",Soviet Union,Rowing,Men,1976,0,1,0.5114505813708652
"HOUGHTON, Frances",United Kingdom,Rowing,Women,2008,0,1,0.5341265859282229
"ANDERSEN, Mads Christian Kruse",Denmark,Rowing,Men,2008,1,0,0.46873636690952714
"ZHONG, Man",China,Fencing,Men,2008,1,0,0.4630411136596346
"MIZSEI, Gyorgy",Hungary,Boxing,Men,1992,0,0,0.48403655222849284
"BEBINGTON, Anna",United Kingdom,Rowing,Women,2008,0,1,0.5354129125588047
"GARDENER, Jason",United Kingdom,Athletics,Men,2004,1,1,0.5363251848438516
"PERESZTEGINE MARKUS, Erzsebet",Hungary,Weightlifting,Women,2000,0,0,0.47896804450954367
"ORTIZ, Luis F.",Puerto Rico*,Boxing,Men,1984,0,1,0.5114211794813139
"OBARAKU, Mobi",Nigeria,Football,Men,1996,1,1,0.5024243191639639
"FREEMAN, Cathy",Australia,Athletics,Women,1996,0,0,0.46810799970909645
"MORISUE, Shinji",Japan,Gymnastics,Men,1984,1,0,0.48752038654418994
"GOBEDJICHVILI, David",Unified team,Wrestling,Men,1992,0,1,0.5212877730968892
"MACDONALD, Ross David",Canada,Sailing,Men,1992,0,0,0.4595874605353822
"BOVELANDER, Floris Jan",Netherlands,Hockey,Men,1988,0,1,0.5012847289574931
"CECH, Donovan",South Africa,Rowing,Men,2004,0,1,0.5139106101541613
"YOO, Nam-Kyu","Korea, South",Table Tennis,Men,1996,0,0,0.48332368747789717
"KIM, Ki-Tae","Korea, South",Baseball,Men,2000,0,0,0.49510781222858796
"GIDDENS, Rebecca",United States,Canoe / Kayak,Women,2004,0,1,0.5407238769343357
"DAVIS, Clarissa",United States,Basketball,Women,1992,0,1,0.5425235726203138
"BUKIC, Perica",Yugoslavia,Aquatics,Men,1984,1,1,0.5438556228090902
"SHUVAEVA-OLKHOVA, Nadezhda",Soviet Union,Basketball,Women,1980,1,1,0.5253591881851738
"XU, Jian",China,Softball,Women,1996,0,0,0.4643920270067583
"ROSOLINO, Massimiliano",Italy,Aquatics,Men,2004,0,0,0.4918294336733763
"PANCIC, Zoran",Yugoslavia,Rowing,Men,1980,0,1,0.5321302568954742
"HOWE, Paul Tony",United Kingdom,Aquatics,Men,1984,0,1,0.5374512400713963
"NIX, Jayson",United States,Baseball,Men,2008,0,1,0.5342408171499021
"STEINHOEFEL, Ingo",East Germany,Weightlifting,Men,1988,0,0,0.4626111769099319
"CAPRIATI, Jennifer",United States,Tennis,Women,1992,1,1,0.532799020491145
"VAN DER KAMP, Anna",Canada,Rowing,Women,1996,0,0,0.46498316878518836
"ILKOV, Nikolai",Bulgaria,Canoe / Kayak,Men,1980,0,0,0.4646248032290802
"PETER, Werner",East Germany,Football,Men,1980,0,0,0.4717361641925549
"DICARLO, George Thomas",United States,Aquatics,Men,1984,0,1,0.5388310284036366
"KIMURA, Takuya",Japan,Baseball,Men,2004,0,0,0.49232797483768836
"JIRKA, David",Czech Republic,Rowing,Men,2004,0,0,0.46586799410088875
"METZ, Michael",West Germany,Hockey,Men,1988,0,1,0.5333239571363828
"DONATH, Ferenc",Hungary,Gymnastics,Men,1980,0,0,0.48263783187675013
"JUNGJOHANN, Caren",Germany,Hockey,Women,1992,0,0,0.48365429021960515
"ELISEEV, Vitali",Soviet Union,Rowing,Men,1980,0,1,0.5146418132794317
"MARBURG, James",Australia,Rowing,Men,2008,0,0,0.4517892821346351
"POOLTARAT, Payao",Thailand,Boxing,Men,1976,0,1,0.5261204384745047
"PEREZ, Frederic",France,Handball,Men,1992,0,0,0.47508632260471617
"BORASKA, Igor",Croatia,Rowing,Men,2000,0,0,0.4659218768650871
"AJETE, Omar",Cuba,Baseball,Men,1996,1,0,0.47422155708277164
"HUNGER, Daniela",Germany,Aquatics,Women,1992,0,0,0.49160681832180775
"LIPA, Elisabeta",Romania,Rowing,Women,1992,0,1,0.5136797809346696
"MAMEDOV, Ilgar",Russia,Fencing,Men,1996,1,1,0.5114538982719513
"PADURARIU, Maria",Romania,Rowing,Women,1992,0,1,0.5130407029633808
"SOLTANI, Hocine",Algeria,Boxing,Men,1992,0,0,0.4549855626696654
"BALCEIRO PAJON, Ledis Frank",Cuba,Canoe / Kayak,Men,2004,0,0,0.47225067881113125
"YANG, Hao",China,Volleyball,Women,2008,0,0,0.46137874851666766
"ALEINIK, Vladimir",Soviet Union,Aquatics,Men,1980,0,1,0.5249965253750292
"HERRMANN, Bernd",West Germany,Athletics,Men,1976,0,1,0.5412266534582664
"RUSEVSKI, Ace",Yugoslavia,Boxing,Men,1976,0,1,0.5379010176687491
"PERREUX, Thierry",France,Handball,Men,1992,0,0,0.4750809325918884
"PFAENDTNER, Jeff",United States,Rowing,Men,1996,0,1,0.5270375882456323
"PIRES, Sandra",Brazil,Volleyball,Women,1996,1,0,0.45883643163801396
"ROHLANDER, Uta",Germany,Athletics,Women,1996,0,0,0.4887547589954
"SMITH, Jesse",United States,Aquatics,Men,2008,0,1,0.5356640960497118
"KAWABATA, Shinichiro",Japan,Baseball,Men,1992,0,0,0.49264442282080034
"SIDYAK, Viktor",Soviet Union,Fencing,Men,1976,0,1,0.5160865755291093
"ZWOLLE, Hendrik Jan",Netherlands,Rowing,Men,1996,1,0,0.495495416947929
"TRUJILLO, Rafael",Spain,Sailing,Men,2004,0,1,0.5113603132210293
"CASTRO, Danel",Cuba,Baseball,Men,2000,0,0,0.47363224925685704
"VOGEL, Matthew Haynes",United States,Aquatics,Men,1976,1,1,0.5358004988527416
"KERRY, Mark",Australia,Aquatics,Men,1984,0,0,0.4622096693658043
"HORDIYCHUK, Mykola",Ukraine,Weightlifting,Men,1996,0,1,0.5208080185925246
"TIPPELT, Sven",East Germany,Gymnastics,Men,1988,0,0,0.4701641726024241
"ZIGANGIROV, Farit",Soviet Union,Hockey,Men,1980,0,1,0.5129256253103625
"GREBNEV, Oleg",Unified team,Handball,Men,1992,1,1,0.5289994612920199
"HERNANDEZ, Xavier",Spain,Football,Men,2000,0,1,0.5177292765968441
"MOROZOVA, Natalia",Russia,Volleyball,Women,2000,0,1,0.5093540818244032
"CHAN, Erin",Canada,Aquatics,Women,2000,0,0,0.4777160329589877
"VERDONK, Eric Franciscus",New Zealand,Rowing,Men,1988,0,0,0.4973536466175028
"CLIGNET, Marion",France,Cycling,Women,2000,0,0,0.4865812342235578
"RUSANOVA, Lyubov",Soviet Union,Aquatics,Women,1976,0,1,0.5284115515267108
"COSTA, Alberto",Spain,Tennis,Men,2000,0,1,0.5118562312540719
"MUNZ, Diana",United States,Aquatics,Women,2000,1,1,0.5432451339447121
"HEHN, Hans-Jürgen",West Germany,Fencing,Men,1976,0,1,0.5368372550067971
"LU, Yuanyang",China,Gymnastics,Women,2008,0,0,0.47051592854309326
"STUECKELBERGER, Christine",Switzerland,Equestrian,Women,1988,0,1,0.526808561164336
"NIESECKE, Bernd",East Germany,Rowing,Men,1988,1,0,0.46848178977699195
"GRADANTE, Anna-Maria",Germany,Judo,Women,2000,0,0,0.4833841252446251
"DOWNIE, Gordon Hunter",United Kingdom,Aquatics,Men,1976,0,1,0.5382578980294618
"SPORN, Rachael",Australia,Basketball,Women,2004,0,0,0.4638190971334911
"KOMAZEC, Arijan",Croatia,Basketball,Men,1992,0,0,0.471165980167445
"WYLENZEK, Thomasz",Germany,Canoe / Kayak,Men,2008,0,0,0.47818834341966365
"SEBRLE, Roman",Czech Republic,Athletics,Men,2000,0,0,0.4725428641261443
"MARKOV, Georgi",Bulgaria,Weightlifting,Men,2000,0,0,0.45294691133182896
"WIGGINS, Bradley",United Kingdom,Cycling,Men,2008,1,1,0.5299645021831647
"STACEY, Jay Jason",Australia,Hockey,Men,1992,0,0,0.45253928809734933
"VAN BENTUM, Conny",Netherlands,Aquatics,Women,1980,0,1,0.5122628743861712
"NEISSER, Kersten",East Germany,Rowing,Women,1980,1,0,0.47522246540840285
"KARLSSON, Eva",Sweden,Canoe / Kayak,Women,1984,0,1,0.5292153548313404
"KOTELNYK, Andriy",Ukraine,Boxing,Men,2000,0,1,0.531385168639167
"ROBINSON, Moushaumi",United States,Athletics,Women,2004,1,1,0.5415114441656989
"CASTLE, Naomi",Australia,Aquatics,Women,2000,1,0,0.4697075140292267
"KÖHLER, Christa",East Germany,Aquatics,Women,1976,0,0,0.48538280175242354
"XUEREB, Daniel",France,Football,Men,1984,1,0,0.47508263889561797
"JONES, Leisel",Australia,Aquatics,Women,2004,1,0,0.46845793194222934
"HAMM, Paul",United States,Gymnastics,Men,2004,1,1,0.5312388418815001
"TSYBULNIKOV, Georgiy",Russia,Canoe / Kayak,Men,1996,0,1,0.5115904796219188
"AMPLER, Uwe",East Germany,Cycling,Men,1988,1,0,0.47613181504211227
"EVERS, Floris",Netherlands,Hockey,Men,2004,0,1,0.5003742098416103
"GIOVANNETTI, Luciano",Italy,Shooting,Men,1980,1,0,0.4837470820279901
"YOO, Ok Ryul","Korea, South",Gymnastics,Men,1992,0,0,0.4884050634249754
"MCDONALD, Andrew J.",United States,Aquatics,Men,1984,0,1,0.5372101642644224
"PIELKE, Christiane",West Germany,Aquatics,Women,1984,0,1,0.5472118592210788
"GARONSKIS, Artur",Soviet Union,Rowing,Men,1980,0,1,0.5144166033371936
"GASSY, Valeri",Soviet Union,Handball,Men,1976,1,1,0.5167138314679539
"OSIPOVA, Irina",Russia,Basketball,Women,2004,0,1,0.5201668073528554
"KHADARTSEV, Makharbek",Unified team,Wrestling,Men,1992,1,1,0.5207225700346515
"OLIVEIRA, Alessandra",Brazil,Basketball,Women,2000,0,0,0.47000963540354784
"ROCAS, Albert",Spain,Handball,Men,2008,0,1,0.5147356888242504
"BARINOV, Yuri",Soviet Union,Cycling,Men,1980,0,1,0.5203948090333294
"STACEY, Jay Jason",Australia,Hockey,Men,1996,0,0,0.45246201707747735
"VOROS, Zsuzsanna",Hungary,Modern Pentathlon,Women,2004,1,0,0.48334815702068024
"USKOKOVIC, Veljko",Yugoslavia,Aquatics,Men,2000,0,1,0.5401029240184143
"PUSCATU-ARBA, Rodica",Romania,Rowing,Women,1988,0,1,0.5129022477284094
"PENDLETON, Victoria",United Kingdom,Cycling,Women,2008,1,1,0.5377167364695682
"KOUTOUZOVA, Natalia",Russia,Aquatics,Women,2000,0,1,0.5238827100153344
"VASILKOVA, Elvira",Soviet Union,Aquatics,Women,1980,0,1,0.5276274257643373
"CHEMERKIN, Andrey",Russia,Weightlifting,Men,2000,0,1,0.5042615047025092
"NIMKE, Stefan",Germany,Cycling,Men,2004,1,0,0.4791747341332271
"MELENDEZ RODRIGUEZ, Urbia",Cuba,Taekwondo,Women,2000,0,0,0.4682652250618576
"YANG, Wei",China,Badminton,Women,2004,1,0,0.47364291262732655
"CROSTA, Daniele",Italy,Fencing,Men,2000,0,0,0.48888881211112833
"YOLOUZ, Ghani",France,Wrestling,Men,1996,0,0,0.4659474357489132
"SUN, Fuming",China,Judo,Women,1996,1,0,0.46769458782442896
"GUO, Shuang",China,Cycling,Women,2008,0,0,0.47366467164167086
"EVSTYUKHINA, Nadezda",Russia,Weightlifting,Women,2008,0,1,0.5102562062215108
"BRAYSON, Oscar",Cuba,Judo,Men,2008,0,0,0.467501983925229
"MIGIAKIS, Stilianos",Greece,Wrestling,Men,1980,1,0,0.4706466499957399
"KOUTCHERENKO, Oleg",Unified team,Wrestling,Men,1992,1,1,0.5205518813135251
"RIGONDEAUX ORTIZ, Guillermo",Cuba,Boxing,Men,2004,1,0,0.46980564226524074
"MAROS, Magda",Hungary,Fencing,Women,1980,0,0,0.48880260658672703
"TRICKETT, Lisbeth",Australia,Aquatics,Women,2008,0,0,0.46622852557186933
"TRICKETT, Lisbeth",Australia,Aquatics,Women,2008,0,0,0.46622852557186933
"BATTISTELLI, Stefano",Italy,Aquatics,Men,1988,0,0,0.4951612742707859
"MARTINO, Angel",United States,Aquatics,Women,1996,1,1,0.543561161887374
"FENG, Kun",China,Volleyball,Women,2004,1,0,0.4646399109582786
"ARBOS, Eduard",Spain,Hockey,Men,2008,0,1,0.5172751274831027
"COLLINS, Daniel",Australia,Canoe / Kayak,Men,2000,0,0,0.45916796866920395
"GRAYER, Jeffrey",United States,Basketball,Men,1988,0,1,0.5355153726124731
"PARK, Sung-Hyun","Korea, South",Archery,Women,2004,1,1,0.5022314869538093
"JONES, John Wesley",United States,Athletics,Men,1976,1,1,0.5369966302302219
"MISHINA, Masumi",Japan,Softball,Women,2008,1,0,0.489229567579881
"BATTEN, Kim",United States,Athletics,Women,1996,0,1,0.5446244917644814
"SIEVERS, Ralf",West Germany,Football,Men,1988,0,1,0.534025930424906
"POVETKIN, Alexander",Russia,Boxing,Men,2004,1,1,0.5128308417115528
"SHEETS, Ben",United States,Baseball,Men,2000,1,1,0.5336918482791461
"PATZAICHIN, Ivan",Romania,Canoe / Kayak,Men,1984,1,1,0.5121321390118206
"TODD, Mark",New Zealand,Equestrian,Men,2000,0,1,0.5017378880648394
"BARRE, Patrick",France,Athletics,Men,1980,0,0,0.4841686660495223
"FILIPOVIC, Filip",Serbia,Aquatics,Men,2008,0,1,0.5200907407796213
"KMIECIK, Kazimierz",Poland,Football,Men,1976,0,1,0.5083859797989414
"STEEN, Ingrid",Norway,Handball,Women,1992,0,1,0.5078113110022662
"HEER, Gerhard",West Germany,Fencing,Men,1984,1,1,0.5366848356587326
"VON SECK, Anke",Germany,Canoe / Kayak,Women,1992,0,0,0.4852382038322953
"KOSTAREV, Serguei",Unified team,Fencing,Men,1992,0,1,0.529996409933369
"SIDOROV, Nikolai",Soviet Union,Athletics,Men,1980,1,1,0.5204553520610815
"GALTAROSSA, Rossano",Italy,Rowing,Men,1992,0,0,0.484703805776901
"CARRIGAN, Sara",Australia,Cycling,Women,2004,1,0,0.46520920742040184
"ZHOU, Shouying",China,Rowing,Women,1988,0,0,0.4660978351300379
PINTSET,Soviet Union,Equestrian,Men,1980,0,1,0.5170456566806663
"WHITE, Christopher S.",New Zealand,Rowing,Men,1988,0,0,0.49722126645059406
"BADEA, Ioana",Romania,Rowing,Women,1984,1,1,0.5158963529656504
"LYSSENKO, Tatiana",Unified team,Gymnastics,Women,1992,1,1,0.5351032929136961
"LESLIE, Lisa",United States,Basketball,Women,2008,1,1,0.5408098901370084
"YAROSHCHUK, Vadim",Soviet Union,Aquatics,Men,1988,0,1,0.5206465872881466
"AGUERO, Taimaris",Cuba,Volleyball,Women,2000,1,0,0.4690629207655492
"GETZOV, Valentin Dotchev",Bulgaria,Wrestling,Men,1992,0,0,0.4537198987781582
"STOECKEL, Hayden",Australia,Aquatics,Men,2008,0,0,0.45991633529815734
"DIRRELL, Andre",United States,Boxing,Men,2004,0,1,0.5351068364848051
"SAZHIDOV, Sazhid",Russia,Wrestling,Men,2004,0,1,0.5008409588265805
"HOELZER, Margaret",United States,Aquatics,Women,2008,0,1,0.5442263740474172
"SPITZ, Sabine",Germany,Cycling,Women,2008,1,0,0.4848198901353389
"PAVLOVA, Anna",Russia,Gymnastics,Women,2004,0,1,0.5162037153503285
"KISCHE, Marion",East Germany,Gymnastics,Women,1976,0,0,0.4788996268693061
"PASKVALIN, Tomislav",Yugoslavia,Aquatics,Men,1988,1,1,0.5413536017116857
"TANCHEVA, Galina",Bulgaria,Gymnastics,Women,2004,0,0,0.4657954571946286
"PARK, Sung-Hyun","Korea, South",Archery,Women,2008,1,1,0.5021535137307156
"RADUCAN, Andreea Madalina",Romania,Gymnastics,Women,2000,1,1,0.515423370708538
"GEISLER, Marco",Germany,Rowing,Men,2000,0,0,0.4757989949729851
"CERNY, Teodor",Czechoslovakia,Cycling,Men,1980,0,0,0.4731296763575001
"ROMERO, Rebecca",United Kingdom,Cycling,Women,2008,1,1,0.5374173876288945
"HAKHVERDIAN, Biurakn",Netherlands,Aquatics,Women,2008,1,1,0.5142799405687871
"BELAUSTEGUI, Jon",Spain,Handball,Men,2008,0,1,0.5176766854179724
"CLOETE, Hestrie",South Africa,Athletics,Women,2004,0,1,0.5287099026556474
"FIEDLER, Jens",Germany,Cycling,Men,2000,0,0,0.4809400103510158
"FREDERICKS, Frank",Namibia,Athletics,Men,1992,0,1,0.5065045962617979
"WU, Yongmei",China,Volleyball,Women,1996,0,0,0.4616381433919059
"BENBOUDAOUD, Larbi",France,Judo,Men,2000,0,0,0.4764885231012398
"LUSIC, Deni",Yugoslavia,Aquatics,Men,1984,1,1,0.5420289446480143
"ZILBERMAN, Victor",Romania,Boxing,Men,1976,0,1,0.5114172544049862
"MORI, Masahiko",Japan,Baseball,Men,1996,0,0,0.4917380147135248
"FILIPPOV, Dmitriy",Russia,Handball,Men,2000,1,1,0.5110090764786923
"DANVERS, Tasha",United Kingdom,Athletics,Women,2008,0,1,0.5432162822798888
"SHEVTSOV, Yuri",Soviet Union,Handball,Men,1988,1,1,0.514203224620596
"NICHITOV-IONESCU, Nastasia",Romania,Canoe / Kayak,Women,1984,1,1,0.5188931130348224
"WASIM, Feroz",Pakistan,Hockey,Men,1992,0,1,0.5008649586803633
"KAFELNIKOV, Eugueni",Russia,Tennis,Men,2000,1,1,0.504763621201598
"MOUROUTSOS, Michail",Greece,Taekwondo,Men,2000,1,0,0.4729324454131344
"JIAO, Zhi-Min",China,Table Tennis,Women,1988,0,0,0.46651248982462135
"YEGOROVA, Valentina",Russia,Athletics,Women,1996,0,1,0.520588006325404
"SANCHEZ-VICARIO, Arantxa",Spain,Tennis,Women,1996,0,1,0.5158703775378726
"LEE, Mi-Ja","Korea, South",Basketball,Women,1984,0,1,0.5011494205692693
"PETKOVIC, Veljko",Yugoslavia,Volleyball,Men,2000,1,1,0.5272140912710379
"ARAMNAU, Andrei",Belarus,Weightlifting,Men,2008,1,0,0.4523974125499532
"VUKICEVIC, Branko",Yugoslavia,Basketball,Men,1984,0,1,0.537525939087078
"KOROBCHINSKI, Igor",Unified team,Gymnastics,Men,1992,0,1,0.5288981740963381
"STÖHR, Henry",East Germany,Judo,Men,1988,0,0,0.4686595427334333
"RUDY, Wojciech",Poland,Football,Men,1976,0,1,0.5070265687768508
"BIROS, Peter",Hungary,Aquatics,Men,2008,1,0,0.48931113889344546
"NIMKE, Stefan",Germany,Cycling,Men,2008,0,0,0.4790968951848432
"STALLARD, Tom",United Kingdom,Rowing,Men,2008,0,1,0.5255130380955368
"BEBECHKO, Serguei",Unified team,Handball,Men,1992,1,1,0.530053301724721
"LOOF, Fredrik",Sweden,Sailing,Men,2008,0,1,0.515582899889549
"HUNTE-OAKES, Heather",United Kingdom,Athletics,Women,1984,0,1,0.5428612139963193
"RIEDIGER, Hans-Jürgen",East Germany,Football,Men,1976,1,0,0.47159113574337497
"HALL, Gary Jr.",United States,Aquatics,Men,1996,1,1,0.5380456064048034
"LEWIS, Carl",United States,Athletics,Men,1984,1,1,0.5363862378375375
"OPPELT, Britta",Germany,Rowing,Women,2008,0,0,0.48057667499661705
"BOJSEN MOLLER, Jorgen",Denmark,Sailing,Men,1992,0,0,0.4682098684895341
"RICE, Stephanie",Australia,Aquatics,Women,2008,1,0,0.46693013855442833
"LIUKIN, Nastia",United States,Gymnastics,Women,2008,0,1,0.536862804865197
"SUCIU, Ioan Silviu",Romania,Gymnastics,Men,2004,0,1,0.5082044941258717
"FROLOVA, Nina",Soviet Union,Rowing,Women,1980,0,1,0.521044526103519
"SZOCS, Zsuzsa",Hungary,Fencing,Women,1988,0,0,0.48732018959632356
"REDGRAVE, Steven",United Kingdom,Rowing,Men,1988,0,1,0.5263626124224052
"SIREAU, Kevin",France,Cycling,Men,2008,0,0,0.47699294211005233
"GOGSHELIDZE, George",Georgia,Wrestling,Men,2008,0,0,0.46937147144411634
"BONTEMPS, Julien",France,Sailing,Men,2008,0,0,0.4745737001949736
"GAUDOIN, Paul",Australia,Hockey,Men,1996,0,0,0.45485468464625056
"CIPERE, Dumitru",Romania,Boxing,Men,1980,0,1,0.5150438623696068
"FISCHER, Carsten",West Germany,Hockey,Men,1984,0,1,0.5348517928207227
"KOO, Dae-Sung","Korea, South",Baseball,Men,2000,0,0,0.49500284154734925
"MATTHES, Roland",East Germany,Aquatics,Men,1976,0,0,0.47844609638676217
"VENEMA, Anneke",Netherlands,Rowing,Women,2000,0,1,0.5023632077738689
"RADJA, Dino",Croatia,Basketball,Men,1992,0,0,0.4700105705724053
"ZIJLAARD-VAN MOORSEL, Leontien",Netherlands,Cycling,Women,2000,1,1,0.5070294698356653
"WADA, Kazuhiro",Japan,Baseball,Men,2004,0,0,0.490137174860177
"KOZMINSKI, Marek",Poland,Football,Men,1992,0,1,0.5079865752462399
"WALLACE, Ken",Australia,Canoe / Kayak,Men,2008,1,0,0.4556275880819833
"GRUSAC, Vitalie",Moldova,Boxing,Men,2000,0,1,0.5012187285076505
"ZMUDA, Wladyslaw",Poland,Football,Men,1976,0,1,0.505946836638754
"BALL, Lloy",United States,Volleyball,Men,2008,1,1,0.525154009873345
"THORPE, Ian",Australia,Aquatics,Men,2000,0,0,0.45990485267196884
"QUIK, Martijntje",Netherlands,Rowing,Women,2000,0,1,0.5032667097751545
"GILES, Stephen Cory",Canada,Canoe / Kayak,Men,2000,0,0,0.4666086660284692
"WANG, Yifu",China,Shooting,Men,2000,0,0,0.4584565377309165
"CORRES GINER, Celia",Spain,Hockey,Women,1992,1,1,0.5235886506871843
"HERBERT, Llewellyn",South Africa,Athletics,Men,2000,0,1,0.5213973595234617
"DI BUO', Ilario",Italy,Archery,Men,2008,0,0,0.4936265739197759
"BILALI, Ibrahim",Kenya,Boxing,Men,1984,0,0,0.4944949633378437
"TAZZER VALENCIA, Valencia Gerardo",Mexico,Equestrian,Men,1980,0,0,0.49682277150247195
"PASCHEK, Frank",East Germany,Athletics,Men,1980,0,0,0.4767881022642457
"SCHWERZMANN, Beat",Switzerland,Rowing,Men,1988,0,1,0.5160547307774845
"DOTSENKO, Sergey",Ukraine,Boxing,Men,2000,0,1,0.5324745164368883
"JOYCE, Kara Lynn",United States,Aquatics,Women,2004,0,1,0.5440877573099746
"WOODFORDE, Mark",Australia,Tennis,Men,2000,0,0,0.4468421015170166
"ZHANG, Ya-Li",China,Rowing,Women,1988,0,0,0.4661124341871715
"YILDIZ, Rifat",Germany,Wrestling,Men,1992,0,0,0.4673625228744424
"ERVIN, Anthony",United States,Aquatics,Men,2000,1,1,0.5383694430983798
"BOGLIOLI, Wendy Lansbach",United States,Aquatics,Women,1976,0,1,0.5459878054242158
"BUUNK, Antoon G.J.",Netherlands,Aquatics,Men,1976,0,1,0.5092212154243891
"HAWKES, Rechelle",Australia,Hockey,Women,1996,1,0,0.4611440630129268
"MUHAMMAD, Ikhlaq",Pakistan,Hockey,Men,1992,0,1,0.5023196237675203
"URDANGARIN, Ignacio",Spain,Handball,Men,1996,0,1,0.5142540634989372
"KIM, Soo-Nyung","Korea, South",Archery,Women,1992,0,1,0.5035020555363983
"GERENDAS, Gyorgy",Hungary,Aquatics,Men,1980,0,0,0.488975203265986
"MILLER, Shannon",United States,Gymnastics,Women,1996,1,1,0.5367929739606596
"CHUKHRAI, Sergei",Soviet Union,Canoe / Kayak,Men,1980,1,1,0.5205280069847426
"REBAUDENGO, Piero",Italy,Volleyball,Men,1984,0,0,0.47843230638980105
"KOTOWICZ, Grzegorz",Poland,Canoe / Kayak,Men,2000,0,1,0.5100730416549
"POP, Ioan",Romania,Fencing,Men,1976,0,1,0.5105015235248455
"WAKABAYASHI, Shigeki",Japan,Baseball,Men,1992,0,0,0.49036522290645057
"GOLUBYTSKY, Serguei",Unified team,Fencing,Men,1992,0,1,0.5307074189596648
"MULLINIX, Siri",United States,Football,Women,2000,0,1,0.5371686304200508
"WANG, Jun",China,Basketball,Women,1984,0,0,0.4730774579044431
"NEMOV, Alexei",Russia,Gymnastics,Men,2000,1,1,0.5099113825938074
"BARTMAN, Michiel",Netherlands,Rowing,Men,2004,0,0,0.4994884090326211
"HERNANDEZ, Alberto",Cuba,Baseball,Men,1996,1,0,0.4727744279343047
"TRSTENA, Saban",Yugoslavia,Wrestling,Men,1984,1,1,0.5255035554751216
"HARDING, Tanya",Australia,Softball,Women,2008,0,0,0.45761468998464655
"PAISCHER, Ludwig",Austria,Judo,Men,2008,0,0,0.4530694934304384
"MABBOTT, Barrie",New Zealand,Rowing,Men,1984,0,0,0.49911823999065286
"MARBURY, Stephon",United States,Basketball,Men,2004,0,1,0.5341356895814199
"BEREZHNAYA-ODINOKOVA, Liubov",Soviet Union,Handball,Women,1976,1,1,0.5241743235321569
"LANGAT, Nancy jebet",Kenya,Athletics,Women,2008,1,1,0.5010591546319393
"SHIKOLENKO, Natalia",Unified team,Athletics,Women,1992,0,1,0.5394898021533754
"WILCOX, Lisa",United States,Equestrian,Women,2004,0,1,0.5367058369048243
"SZABO, Ecaterina",Romania,Gymnastics,Women,1984,1,1,0.5151303591057185
"EREMIA, Alexandra Georgiana",Romania,Gymnastics,Women,2004,1,1,0.5174782934056477
"LITVINCHUK, Artur",Belarus,Canoe / Kayak,Men,2008,1,0,0.46078181657250805
"TAYLOR, Angelo",United States,Athletics,Men,2000,1,1,0.5344860620543723
"NAIMUSHINA, Elena",Soviet Union,Gymnastics,Women,1980,1,1,0.5222666609071882
"ZANOTTO, Kendra",United States,Aquatics,Women,2004,0,1,0.541542251785953
"SHON, Seung Mo","Korea, South",Badminton,Men,2004,0,0,0.4939622907009214
"GALIAZZO, Marco",Italy,Archery,Men,2008,0,0,0.4932950915403776
"HAASE, Mandy",Germany,Hockey,Women,2004,1,0,0.48378380231328016
"SLAVTCHEVA-STEFANOVA, Evladia",Bulgaria,Basketball,Women,1980,0,0,0.4703623116683086
"MARTIN, Roxbert",Jamaica,Athletics,Men,1996,0,0,0.4923903111453442
"FERREIRA, Marcelo",Brazil,Sailing,Men,2000,0,0,0.45803355677724317
"MCLEOD, Michael",United Kingdom,Athletics,Men,1984,0,1,0.5354209838986993
"BLAUDZUN, Verner",Denmark,Cycling,Men,1976,0,0,0.4740891585601948
"BOLDT, Harry",West Germany,Equestrian,Men,1976,1,1,0.5384716119042788
"THOMPSON, Daley",United Kingdom,Athletics,Men,1980,1,1,0.5341727027436096
"BAU, Sabine Christiane",Germany,Fencing,Women,2000,0,0,0.48722549567270884
"DUYSTER, Jeroen",Netherlands,Rowing,Men,1996,1,0,0.49894191382504066
"MATETE, Samuel",Zambia,Athletics,Men,1996,0,1,0.5412372437706872
"ABSAIDOV, Saipulla",Soviet Union,Wrestling,Men,1980,1,1,0.5100267001161295
"THIELE, Klaus",East Germany,Athletics,Men,1980,0,0,0.47589545167624386
"STOCKTON, John Houston",United States,Basketball,Men,1996,1,1,0.5330295474846571
"STERBINSZKY, Amalia",Hungary,Handball,Women,1976,0,0,0.48597686094875836
"PESTANO, Ariel",Cuba,Baseball,Men,2004,1,0,0.4711430869763255
"MAHE, Pascal",France,Handball,Men,1992,0,0,0.4756996666656909
"VAN MANEN, Aletta",Netherlands,Hockey,Women,1988,0,1,0.5043037798828209
"HELTEN, Inge",West Germany,Athletics,Women,1976,0,1,0.547778950308004
"TRILLINI, Giovanna",Italy,Fencing,Women,2000,1,0,0.4922930927002568
"ZLATEV, Asen",Bulgaria,Weightlifting,Men,1980,1,0,0.4513962222521999
"OLIVEIRA, Fernanda",Brazil,Sailing,Women,2008,0,0,0.46265293289783727
"ALIPOV, Alexei",Russia,Shooting,Men,2004,1,1,0.5086027189024138
"CUTHBERT, Juliet",Jamaica,Athletics,Women,1992,0,1,0.5007301101596321
"PEARSON, Todd",Australia,Aquatics,Men,2000,1,0,0.4607839068205472
"FALLON, Trish",Australia,Basketball,Women,1996,0,0,0.4665415249407899
"SUN, Yue",China,Volleyball,Women,1996,0,0,0.4621538601350026
"STINGA, Vasile",Romania,Handball,Men,1984,0,1,0.5080684617023745
"POLL AHRENS, Claudia",Costa Rica,Aquatics,Women,2000,0,0,0.4779346482629606
"RAHIMOV, Rustamhodza",Germany,Boxing,Men,2004,0,0,0.4799193043765183
"LIU, Yuxiang",China,Judo,Women,2000,0,0,0.469053099411845
"AZEVEDO, Luiz Felipe",Brazil,Equestrian,Men,2000,0,0,0.4639004486467796
"GRABOW, Guido",West Germany,Rowing,Men,1988,0,1,0.5328866366844008
"HUMPHREY, Terin",United States,Gymnastics,Women,2004,0,1,0.5376139484636892
"KLIMKE, Reiner",West Germany,Equestrian,Men,1976,1,1,0.5369400092046959
"MYSEGAES, Cord Hermann",Germany,Equestrian,Men,1992,0,0,0.47892869208495
"PARISI, Giovanni",Italy,Boxing,Men,1988,1,0,0.4891665055976502
"PHILLIPS, Dwight",United States,Athletics,Men,2004,1,1,0.5351908481099662
"LUO, Wei",China,Taekwondo,Women,2004,1,0,0.46503857980494295
"JUNG, Sung-Sook","Korea, South",Judo,Women,2000,0,0,0.4956808756377085
"NIPKOV, Daniel",Switzerland,Shooting,Men,1984,0,1,0.5156829069441078
"HUBBLE, Philip",United Kingdom,Aquatics,Men,1980,0,1,0.5375161114899686
"SKRZYPASZEK, Arkadiusz",Poland,Modern Pentathlon,Men,1992,1,1,0.5036770108533061
"KIM, Soo-Kyung","Korea, South",Baseball,Men,2000,0,0,0.49509700640309556
"WARD, Mclain",United States,Equestrian,Men,2004,1,1,0.5302103236455142
"DAVIS, Josh",United States,Aquatics,Men,1996,1,1,0.5386702501811592
"VERSTAPPEN, Annemarie",Netherlands,Aquatics,Women,1984,0,1,0.5121213005966382
"STEVENS, Rochelle",United States,Athletics,Women,1992,0,1,0.5413205877316618
"ONYALI, Mary",Nigeria,Athletics,Women,1996,0,1,0.5139638460571823
"LITVINOVA, Liudmila",Russia,Athletics,Women,2008,0,1,0.5223666581886517
"WIGGINS, Bradley",United Kingdom,Cycling,Men,2004,0,1,0.5300421961338925
"HIRATA, Noritoshi",Japan,Gymnastics,Men,1984,0,0,0.48863247415966404
"KOPLOVE, Michael",United States,Baseball,Men,2008,0,1,0.5350328460528679
"BAINBRIDGE, Angie",Australia,Aquatics,Women,2008,1,0,0.4699182270317333
"POIROT, Catherine",France,Aquatics,Women,1984,0,0,0.48897259899413986
"ZWEHL, Julia",Germany,Hockey,Women,2004,1,0,0.48079483720995203
"KHADJIBEKOV, Artem",Russia,Shooting,Men,2000,0,1,0.5069180387453389
"ENKHBAT, Badar-Uugan",Mongolia,Boxing,Men,2008,1,1,0.5020970955957611
"CHEN, Xiexia",China,Weightlifting,Women,2008,1,0,0.4644576109638103
"BOSKAN, Slobodan",Yugoslavia,Volleyball,Men,2000,1,1,0.5297858410481692
"MESBAH, Hesham",Egypt,Judo,Men,2008,0,0,0.4707570768764309
"BAIK, Myung-Sun","Korea, South",Volleyball,Women,1976,0,0,0.4921484548094246
"RYAN, Marc",New Zealand,Cycling,Men,2008,0,1,0.5026933620006956
"BABII, Sorin",Romania,Shooting,Men,1988,1,1,0.5081351556220345
"ARMASESCU, Mihaela",Romania,Rowing,Women,1984,0,1,0.5159433922733683
"BOCCARA, Philippe",France,Canoe / Kayak,Men,1984,0,0,0.4811751201905392
"LYSSENKO, Tatiana",Unified team,Gymnastics,Women,1992,0,1,0.5351032929136961
"FERNANDEZ, Mary Joe",United States,Tennis,Women,1992,1,1,0.5322786447699038
"HURTER, Karl-Joachim",West Germany,Hockey,Men,1984,0,1,0.5343482231482479
"ESEANU, Nicusor",Romania,Canoe / Kayak,Men,1980,0,1,0.5141400648275122
"JOHNSON, Emma",Australia,Aquatics,Women,1996,0,0,0.4686247969925007
"KARBARZ, Marek",Poland,Volleyball,Men,1976,1,1,0.500737966812711
"THOMPSON, Jenny",United States,Aquatics,Women,2000,1,1,0.5420995214841646
"WOLFS, Mike",Canada,Sailing,Men,2004,0,0,0.45750262832274535
"TIACOH, Gabriel",Cote d'Ivoire,Athletics,Men,1984,0,0,0.47044986418374335
"ARSAMAKOV, Israil",Soviet Union,Weightlifting,Men,1988,1,1,0.5103093489759607
"WOO, Sun Hee","Korea, South",Handball,Women,2004,0,0,0.49426005189938227
"NOVITSKI, Valdemar",Soviet Union,Handball,Men,1980,0,1,0.5150547150392812
"SIEFERT, Silvia",East Germany,Handball,Women,1976,0,0,0.47674840769402166
ESPADRON,Soviet Union,Equestrian,Men,1980,1,1,0.5190569649813516
"PATTEN, Samuel",Australia,Rowing,Men,1984,0,0,0.4517216683147029
"HEUKRODT, Olaf",East Germany,Canoe / Kayak,Men,1988,1,0,0.4752711130240341
"FOSTER, Brendan",United Kingdom,Athletics,Men,1976,0,1,0.5369532997762486
"RAKHMANOV, Sultan",Soviet Union,Weightlifting,Men,1980,1,1,0.507475017643299
"SENSINI, Alessandra",Italy,Sailing,Women,1996,0,0,0.4883684199390738
"VAN GEENHUIZEN, Miek",Netherlands,Hockey,Women,2004,0,1,0.5039942180755574
"VANNI, Simone",Italy,Fencing,Men,2004,1,0,0.4855458901327381
"OPARA-THOMPSON, Christy Thompson",Nigeria,Athletics,Women,1992,0,1,0.5140398313478693
"CONSTANTIN, Mariana",Romania,Gymnastics,Women,1976,0,1,0.5183290897723307
"BOVO, Cesare",Italy,Football,Men,2004,0,0,0.48855716547652756
"FILATOVA, Maria",Soviet Union,Gymnastics,Women,1980,1,1,0.5238873168252978
"HINGST, Ariane",Germany,Football,Women,2004,0,0,0.48532271908447167
"NESTEROV, Yuri",Soviet Union,Handball,Men,1988,1,1,0.5149494211480702
"AZAROVA, Elena",Russia,Aquatics,Women,2000,1,1,0.5257103509663065
"ANTI, Michael",United States,Shooting,Men,2004,0,1,0.5286441897559339
"COLLINS, David",United States,Rowing,Men,1996,0,1,0.5293513630791026
"KARPUNINA, Marina",Russia,Basketball,Women,2008,0,1,0.5211581736482663
"COTTIER, Frederic",France,Equestrian,Men,1988,0,0,0.4796469858539885
"VAVASSEUR, Didier",France,Canoe / Kayak,Men,1984,0,0,0.47753827578603086
"CACHO RUIZ, Fermin",Spain,Athletics,Men,1992,1,1,0.5238716090337884
"VOELKER, Sandra",Germany,Aquatics,Women,1996,0,0,0.48906506244196046
"BADE, Lance",United States,Shooting,Men,1996,0,1,0.528736536802608
"ZADNEPROVSKIS, Andrejus",Lithuania,Modern Pentathlon,Men,2008,0,0,0.4891972552511348
"FU, Haifeng",China,Badminton,Men,2008,0,0,0.4701046858462112
"MEGYERI, Marta",Hungary,Handball,Women,1976,0,0,0.4871227159550417
"FOX, Joanne",Australia,Aquatics,Women,2000,1,0,0.46915496354193803
"WEBER-KOSZTO, Monika",Germany,Fencing,Women,1992,0,0,0.4835065310499772
"BURRELL, Leroy",United States,Athletics,Men,1992,1,1,0.537916539203928
"POPOV, Alexander",Russia,Aquatics,Men,1996,0,1,0.5163389825575443
"ZHAO, Lihong",China,Football,Women,1996,0,0,0.4692775574636968
"REIMER, Daniela",Germany,Rowing,Women,2004,0,0,0.4803389127587709
"BARSLUKOVA, Yulia",Russia,Gymnastics,Women,2000,1,1,0.5189830407587079
"JURAVSCHI, Nikolai",Moldova,Canoe / Kayak,Men,1996,0,1,0.5003357873138434
"KARIUKI, Julius",Kenya,Athletics,Men,1988,1,0,0.49518989492242477
"HERRERA VERA, Angel",Cuba,Boxing,Men,1976,1,0,0.472049404413117
"DERKSEN, Geert Jan",Netherlands,Rowing,Men,2004,0,0,0.4988944191852912
"CHO, Ki-Hyang","Korea, South",Hockey,Women,1988,0,0,0.4975969872145219
"LARA, Pablo",Cuba,Weightlifting,Men,1992,0,0,0.4600505688364033
"MATEVUSHEVA, Svitlana",Ukraine,Sailing,Women,2004,0,1,0.530764323744018
"ZINNUROV, Irek",Russia,Aquatics,Men,2004,0,1,0.5148752874941883
"LIU, Ailing",China,Football,Women,1996,0,0,0.47135669734774627
"THOMPSON, Jenny",United States,Aquatics,Women,2000,0,1,0.5420995214841646
"VASILCA, Neculai",Romania,Handball,Men,1980,0,1,0.5078068581326735
"SAUTIN, Dmitry",Unified team,Aquatics,Men,1992,0,1,0.5341632993337893
"MONSALVE, Paulino",Spain,Hockey,Men,1980,0,1,0.5153409080843735
"LOPEZ-ZUBERO PURCELL, David",Spain,Aquatics,Men,1980,0,1,0.5234408645420012
"CHARBONNIER, Nicolas",France,Sailing,Men,2008,0,0,0.47438006850194303
"DABIR, Alireza",Iran,Wrestling,Men,2000,1,0,0.47740683219052366
"TRAUTMANN, Andreas",East Germany,Football,Men,1980,0,0,0.4708286897733619
"TONG, Wen",China,Judo,Women,2008,1,0,0.4672956225230405
"RADULOVIC, Zdravko",Yugoslavia,Basketball,Men,1988,0,1,0.5383885644637321
"ZOU, Kai",China,Gymnastics,Men,2008,1,0,0.461909186765374
"MADARAS, Norbert",Hungary,Aquatics,Men,2004,1,0,0.4873885750323354
"GLASGOW, Walter Merrill, Jr.",United States,Sailing,Men,1976,0,1,0.5286075998997103
"ROBERTSON, Leonard David",United Kingdom,Rowing,Men,1976,0,1,0.5265346862136593
"MELISSANIDIS, Ioannis",Greece,Gymnastics,Men,1996,1,0,0.47869817839006373
"LEWIS, Carl",United States,Athletics,Men,1984,1,1,0.5363862378375375
"HÖRNER, Silke",East Germany,Aquatics,Women,1988,1,0,0.48563844515819254
"POTORAC, Gabriela",Romania,Gymnastics,Women,1988,0,1,0.5157164481411904
"RICHARD, Pascal",Switzerland,Cycling,Men,1996,1,1,0.5211331056771891
"VILLA, Marco",Italy,Cycling,Men,2000,0,0,0.4866860614952836
"CALDERON MARTINEZ, Mercedes",Cuba,Volleyball,Women,1992,1,0,0.46873960641361306
"ZELEZNY, Jan",Czechoslovakia,Athletics,Men,1988,0,0,0.4725655552461713
"ZHANG, Wei-Hong",China,Handball,Women,1984,0,0,0.4684101025885695
"FRIED, Volker",Germany,Hockey,Men,1992,1,0,0.4776984739373468
"COPE, Haley",United States,Aquatics,Women,2004,0,1,0.5451292102707351
"CORNELL, Sheila",United States,Softball,Women,2000,1,1,0.5341465153464595
"BEEK TER, Carin",Netherlands,Rowing,Women,2000,0,1,0.5061059557869887
"NIKOULINE, Igor",Unified team,Athletics,Men,1992,0,1,0.533664868925697
"MADARAS, Norbert",Hungary,Aquatics,Men,2008,1,0,0.4873106502238229
"LOVRICH, Anthony",Australia,Rowing,Men,1984,0,0,0.45234843422219645
"TERENZI, Tonhi",Italy,Fencing,Men,1996,0,0,0.48588682160426183
"MERISI, Emanuele",Italy,Aquatics,Men,1996,0,0,0.4927254391554292
"KARPPINEN, Pertti",Finland,Rowing,Men,1984,1,0,0.473527093455836
"DE BENEDICTIS, Giovanni",Italy,Athletics,Men,1992,0,0,0.49343572025647564
"APANASSENKO, Dmitri",Soviet Union,Aquatics,Men,1988,0,1,0.5247785918005089
"DIVAC, Vladimir",Yugoslavia,Basketball,Men,1996,0,1,0.5404820017930873
"ROTTENBERG, Silke",Germany,Football,Women,2004,0,0,0.48356714864430483
"DE VRIES, Dorien",Netherlands,Sailing,Women,1992,0,1,0.5051849308738992
"JÄKEL, Bernd",Germany,Sailing,Men,1996,1,0,0.47478191220332516
"SZYMANOWSKI, Antoni",Poland,Football,Men,1976,0,1,0.5065712209609389
"LOWNEY, Steven",United States,Wrestling,Men,2000,0,1,0.5221062365210319
"FRIEDRICH, Heike",East Germany,Aquatics,Women,1988,0,0,0.48609852684765026
"KINKADE, Mike",United States,Baseball,Men,2000,1,1,0.5352705958252896
"ROCHE, Michel",France,Equestrian,Men,1976,1,0,0.47735712118538665
"MELLIGER, Wilhelm",Switzerland,Equestrian,Men,2000,0,1,0.521179062040398
"ACEVEDO SANTIAGO, Anibal",Puerto Rico*,Boxing,Men,1992,0,1,0.5140952653338272
"ALLAN, Alister Millar",United Kingdom,Shooting,Men,1984,0,1,0.528412697644942
"VAN NES, Eeke",Netherlands,Rowing,Women,1996,0,1,0.5024778459493957
"BIONDI, Matthew",United States,Aquatics,Men,1988,1,1,0.5392572036442209
"LÖWE, Wolfram",East Germany,Football,Men,1976,1,0,0.47246182768900147
"GANGLOFF, Mark",United States,Aquatics,Men,2004,1,1,0.5381142706735316
"HISSOU, Salah",Morocco,Athletics,Men,1996,0,1,0.5046901231784694
"GUNNELL, Sally Janet Jane",United Kingdom,Athletics,Women,1992,0,1,0.5429209589015515
"TANI, Yoshitomo",Japan,Baseball,Men,1996,0,0,0.49059438872740163
"RANA, Mujahid Ali",Pakistan,Hockey,Men,1992,0,1,0.5018387267451769
"SUGAWARA, Yasaburo",Japan,Wrestling,Men,1976,0,0,0.47828108181785417
"MLADENOV, Mladen",Bulgaria,Wrestling,Men,1980,0,0,0.45259823043953434
"JORGENSEN, Janet Simone",United States,Aquatics,Women,1988,0,1,0.544400277478149
"ECKERT-WÖCKEL, Bärbel",East Germany,Athletics,Women,1976,1,0,0.4854050235615942
"KROLL, Sylvio",East Germany,Gymnastics,Men,1988,0,0,0.47196595001417735
"BAYRAMOV, Rovshan",Azerbaijan,Wrestling,Men,2008,0,0,0.4497233682469946
"GLÖCKNER, Michael",Germany,Cycling,Men,1992,1,0,0.4809061171968652
"DUMCHEV, Aleksandr",Soviet Union,Rowing,Men,1988,0,1,0.5145338148051
"KORKIYA, Mikhail",Soviet Union,Basketball,Men,1976,0,1,0.5203848259517652
"BROWN, Kerrith",United Kingdom,Judo,Men,1984,0,1,0.5302388308271678
"HOFFMANN, Martin",East Germany,Football,Men,1976,1,0,0.47325956408141784
"IMRE, Geza",Hungary,Fencing,Men,2004,0,0,0.4825531028800183
"JULIAN, Cyril",France,Basketball,Men,2000,0,0,0.4805936598247242
"GOMIS, Anna",France,Wrestling,Women,2004,0,0,0.4753318649022963
"ARNEMANN, Raul",Soviet Union,Rowing,Men,1976,0,1,0.5155510864920565
"MARTINEZ, Conchita",Spain,Tennis,Women,1996,0,1,0.5167856677020337
"LEHMANN, Jens",Germany,Cycling,Men,1992,1,0,0.4799985723858572
"PANG, Jiaying",China,Aquatics,Women,2004,0,0,0.47666253139810505
"BUSA, Istvan",Hungary,Fencing,Men,1988,0,0,0.48398345137736687
"HAWORTH, Cheryl",United States,Weightlifting,Women,2000,0,1,0.5300679625894693
"ARCAIN, Janeth",Brazil,Basketball,Women,1996,0,0,0.4727871472676357
"BAU, Sabine Christiane",West Germany,Fencing,Women,1988,1,1,0.5443537254802485
"WERTH, Isabell",Germany,Equestrian,Women,1996,1,0,0.4839648197918963
"ROCCA, Peter Drake",United States,Aquatics,Men,1976,0,1,0.5366171290036671
"HANSON, Brooke",Australia,Aquatics,Women,2004,1,0,0.46876432924725026
"POLTAVSKIY, Semen",Russia,Volleyball,Men,2008,0,1,0.5022096910853641
"YAMAMOTO, Takashi",Japan,Aquatics,Men,2004,0,0,0.49219128173914867
"MIMPO, Serge",Cameroon,Football,Men,2000,1,0,0.4624054087072659
"HILL, Grant",United States,Basketball,Men,1996,1,1,0.5351685708542129
"GRAINGER, Katherine",United Kingdom,Rowing,Women,2000,0,1,0.5345238088279205
"NEIWAND, Garry Malcolm",Australia,Cycling,Men,1988,0,0,0.4568119982512377
"MOLNAR, Tamas",Hungary,Aquatics,Men,2000,1,0,0.48720305935076297
"ALFEEVA, Lidia",Soviet Union,Athletics,Women,1976,0,1,0.5305191161268921
"CHEN, Yibing",China,Gymnastics,Men,2008,1,0,0.4656602092898041
"KHORKINA, Svetlana",Russia,Gymnastics,Women,1996,1,1,0.5174551412958305
"STEFANSKI, Wlodzimierz",Poland,Volleyball,Men,1976,1,0,0.49888883783554905
"DEVETZI, Hrysopiyi",Greece,Athletics,Women,2004,0,0,0.4923531904520724
"SMIRNOV, Nikolai",Soviet Union,Aquatics,Men,1988,0,1,0.5213508764880633
"POLI, Eros",Italy,Cycling,Men,1984,1,0,0.4879994539197181
"MARSH, Michael",United States,Athletics,Men,1992,1,1,0.5360091904489596
"MUNZNER, Joerg",Austria,Equestrian,Men,1992,0,0,0.4569036202258618
"MONCKTON, Philip",Canada,Rowing,Men,1984,0,0,0.4600260467607344
"GRBIC, Vladimir",Yugoslavia,Volleyball,Men,2000,1,1,0.5288746498417132
"ANISIMOVA, Natalya",Soviet Union,Handball,Women,1988,0,1,0.5241365550800506
"VELIKU, Dumitru",Romania,Equestrian,Men,1980,0,1,0.5100152880369055
"WIEGERT, Ingolf",East Germany,Handball,Men,1980,1,0,0.4694505860753941
"HAGENBÄUMER, Eva",Germany,Hockey,Women,1992,0,0,0.4840113149164099
"NAKAMURA, Yukimasa",Japan,Judo,Men,1996,0,0,0.4855479674627301
"WILLIAMSON, Darold",United States,Athletics,Men,2004,1,1,0.5340166220981251
"DE ZWARTE, Pieter",Netherlands,Aquatics,Men,1976,0,1,0.5089302979498737
"TATHAM, Reidun",Canada,Aquatics,Women,2000,0,0,0.47451373028858834
"SAPIC, Aleksandar",Yugoslavia,Aquatics,Men,2000,0,1,0.5406907374311775
"MUTOLA, Maria",Mozambique,Athletics,Women,1996,0,1,0.5107810936296764
"FLEISCHMANN, Torrance Watkins",United States,Equestrian,Men,1984,1,1,0.5336079653544414
"BRITS, Grant",Australia,Aquatics,Men,2008,0,0,0.4631103985536682
"DWYER, Jamie",Australia,Hockey,Men,2008,0,0,0.4548871914109315
"WISLANDER, Magnus",Sweden,Handball,Men,2000,0,1,0.5166063651536995
"BOOMGAARDT, Ageeth",Netherlands,Hockey,Women,2000,0,1,0.5076587850784421
"FOUNTAIN, Hyleas",United States,Athletics,Women,2008,0,1,0.5435345564092081
"SYED, Iftikar Ahmed",Pakistan,Hockey,Men,1976,0,1,0.5015659003589783
"BUCHANAN, Glenn",Australia,Aquatics,Men,1984,0,0,0.4635500102575721
"ONETO, Vanina Paula",Argentina,Hockey,Women,2000,0,0,0.4583464413660413
"VUJASINOVIC, Vladimir",Serbia,Aquatics,Men,2004,0,1,0.5171785017267881
"NIKOLAIDIS, Alexandros",Greece,Taekwondo,Men,2004,0,0,0.4727473358451302
"SOKOLOWSKA KULESZA, Beata",Poland,Canoe / Kayak,Women,2004,0,1,0.514985277415939
"JUNG, Ji-Hyun","Korea, South",Wrestling,Men,2004,1,0,0.4823540730710877
"DU, Li",China,Shooting,Women,2004,1,0,0.46809440464611163
"WILLIAMS, Glenn",Australia,Baseball,Men,2004,0,0,0.4572731242791648
"FRUELUND, Katrine",Denmark,Handball,Women,2004,1,0,0.4765482040416305
"CHISHOLM, Linda Rae",United States,Volleyball,Women,1984,0,1,0.5317607671362844
"KRAMORENKO, Boris",Soviet Union,Wrestling,Men,1980,0,1,0.508033486994013
"BEERBAUM, Ludger",West Germany,Equestrian,Men,1988,1,1,0.5383438132115286
"MEFTAKHETDINOVA, Zemfira",Azerbaijan,Shooting,Women,2000,1,0,0.45859217221472753
"VORONOVA, Natalya",Soviet Union,Athletics,Women,1988,0,1,0.5262995728366997
"BARKALOV, Aleksei",Soviet Union,Aquatics,Men,1980,1,1,0.5248363649975754
"SOW, Daouda",France,Boxing,Men,2008,0,0,0.47802574972970635
"JOHNSON, Shawn",United States,Gymnastics,Women,2008,0,1,0.537393259538538
ROSANA,Brazil,Football,Women,2008,0,0,0.46610616394699955
"ROZSA, Norbert",Hungary,Aquatics,Men,1992,0,0,0.48668470554362553
"PUSCH, Alexander",West Germany,Fencing,Men,1976,0,1,0.5352127395800582
"GREEN, Nicholas",Australia,Rowing,Men,1992,1,0,0.45315934040592604
"KEYS, George",New Zealand,Rowing,Men,1988,0,0,0.4995493448852172
"LOMANS, Bram",Netherlands,Hockey,Men,1996,1,0,0.4992692306147493
"CARBAJAL, Michael",United States,Boxing,Men,1988,0,1,0.5357405163724426
"GARCIA MESSEGUER, Jose",Spain,Hockey,Men,1980,0,1,0.5167632437551269
"OVECHKINA, Tatiana",Soviet Union,Basketball,Women,1976,1,1,0.526052859416872
"CHAPLYGIN, Valeri",Soviet Union,Cycling,Men,1976,1,1,0.5201100639296485
"CORTIN, Helene",France,Rowing,Women,1996,0,0,0.481619710102028
"KAREEVA, Anna",Russia,Handball,Women,2008,0,1,0.5167185220950639
"KUNZE, Hansjörg",East Germany,Athletics,Men,1988,0,0,0.4774890578696339
"BERG, Laura",United States,Softball,Women,2008,0,1,0.5343762135812051
"PORTNOV, Aleksandr",Soviet Union,Aquatics,Men,1980,1,1,0.5220042548984294
"POPOV, Alexander",Russia,Aquatics,Men,1996,1,1,0.5163389825575443
"MICHAELIS, Liane",East Germany,Handball,Women,1976,0,0,0.47770244528013556
"AOUITA, Said",Morocco,Athletics,Men,1984,1,1,0.50632526593041
"SMIRNOV, Vladimir",Soviet Union,Fencing,Men,1980,1,1,0.5159496896571292
"NIKULIN, Sergei",Soviet Union,Football,Men,1980,0,1,0.5161911710535612
"MASSULLO, Carlo",Italy,Modern Pentathlon,Men,1984,1,0,0.4841488505246273
"TEDEYEV, Elbrus",Ukraine,Wrestling,Men,1996,0,1,0.518008376322981
"LIN, Sang",China,Archery,Women,2004,0,0,0.4767670198313966
"BETTE, Jean-Christophe",France,Rowing,Men,2000,1,0,0.475348589422127
"KLEPPICH, Lars Detlef",Australia,Sailing,Men,1992,0,0,0.45201926016989835
"MITKOV, Yordan",Bulgaria,Weightlifting,Men,1976,1,0,0.4532342805131785
"ADROVICZ, Attila",Hungary,Canoe / Kayak,Men,1996,0,0,0.4859585490507043
"OMNES, Philippe",France,Fencing,Men,1984,0,0,0.4770290664867204
"ZHULINA, Valentina",Soviet Union,Rowing,Women,1980,0,1,0.5178347408815764
"JOHNSON, Jenna Leigh",United States,Aquatics,Women,1984,0,1,0.5444941011335857
"FISH, Maree",Australia,Hockey,Women,1988,1,0,0.46166432713049854
"BORKOWSKI, Ingo",Germany,Sailing,Men,2000,0,0,0.4760578787913108
"FAFINSKI, Jacek",Poland,Wrestling,Men,1996,0,0,0.4999940241382362
"OSYGUS, Simone",Germany,Aquatics,Women,1992,0,0,0.4903243089358151
"BATEZ, Vladimir",Yugoslavia,Volleyball,Men,2000,1,1,0.5299485193140471
"TORNIKIDOU, Elena",Unified team,Basketball,Women,1992,1,1,0.5374409557486028
"LAVELL, Carol",United States,Equestrian,Women,1992,0,1,0.5389630798254567
"SCHWEN, Missy",United States,Rowing,Women,1996,0,1,0.5331691193890057
"REID, David",United States,Boxing,Men,1996,1,1,0.5329693358362481
"BEHR, Matthias",West Germany,Fencing,Men,1988,0,1,0.5377875357071552
"D'ALTRUI, Marco",Italy,Aquatics,Men,1992,1,0,0.49458624439260174
"ROBERTSON, Kevin George",United States,Aquatics,Men,1988,0,1,0.5363917458646517
"HODGSKIN, Natalie",Australia,Softball,Women,2004,0,0,0.45759937344222557
"ULRICH, Thomas",Germany,Boxing,Men,1996,0,0,0.47926544435217555
"DENIZ, Leslie Jean",United States,Athletics,Women,1984,0,1,0.5442829698907414
"ZHANG, Xiaohuan",China,Aquatics,Women,2008,0,0,0.47515153359307494
"ROBA, Fatuma",Ethiopia,Athletics,Women,1996,1,0,0.486103921875033
"TUOMAITE, Vitaliya",Soviet Union,Basketball,Women,1988,0,1,0.5247793728370233
"KONG, Linghui",China,Table Tennis,Men,2000,0,0,0.45947689771006694
"DIJKSTRA, Wieke",Netherlands,Hockey,Women,2008,1,1,0.5070390464586011
"PAVLOVA, Anna",Russia,Gymnastics,Women,2004,0,1,0.5162037153503285
"TAOV, Khasanbi",Russia,Judo,Men,2004,0,1,0.5071178191518554
"ROJCEWICZ, Susan Marie",United States,Basketball,Women,1976,0,1,0.5403724997441133
ANDRE LUIZ,Brazil,Football,Men,1996,0,0,0.46293866248394155
"BOLHUIS-EIJSVOGEL, Maria Yolanda C.",Netherlands,Hockey,Women,1984,1,1,0.5079806401588902
"HAUSDING, Patrick",Germany,Aquatics,Men,2008,0,0,0.48485229415276315
"NAZLYMOV, Vladimir",Soviet Union,Fencing,Men,1976,1,1,0.5168653667438143
"KRAPIKAS, Gintaras",Lithuania,Basketball,Men,1992,0,0,0.49790656462346505
"DOUGLAS, Sandra Marie",United Kingdom,Athletics,Women,1992,0,1,0.5433841080601224
"WAKIIHURI, Douglas",Kenya,Athletics,Men,1988,0,0,0.4928964679733941
"SANTOS, Paulo",Brazil,Football,Men,1984,0,0,0.45993692023379623
"HAPPE, Thomas",West Germany,Handball,Men,1984,0,1,0.5350606085120742
"YERMAKOV, Yuri",Ukraine,Gymnastics,Men,1996,0,1,0.5258686732216509
"LI, Zhuo",China,Weightlifting,Women,2004,0,0,0.46292423040146047
"BIRLADEANU, Ion",Romania,Canoe / Kayak,Men,1980,0,1,0.5147991168920865
"FRANCIA, Mirka",Cuba,Volleyball,Women,2000,1,0,0.46798959248610406
"HINGSEN, Jurgen",West Germany,Athletics,Men,1984,0,1,0.5410575760930223
"VAN ROOIJEN, Manon",Netherlands,Aquatics,Women,2000,0,1,0.5118547122952247
"DITYATIN, Aleksandr",Soviet Union,Gymnastics,Men,1980,1,1,0.5175290468488355
"EMMERLING, Bjoern",Germany,Hockey,Men,2004,0,0,0.47762371455645797
"ROMEIKE, Hinrich",Germany,Equestrian,Men,2008,1,0,0.4780487491363782
"PETRI, Heather",United States,Aquatics,Women,2004,0,1,0.5428520642011361
"ZAKHAREVICH, Yuri",Soviet Union,Weightlifting,Men,1988,1,1,0.5061514017317276
"AGUERO, Sergio",Argentina,Football,Men,2008,1,0,0.45610493080785114
"VAN WIJK, Remco",Netherlands,Hockey,Men,2000,1,0,0.49748379235989826
"DOGONADZE, Anna",Germany,Gymnastics,Women,2004,1,0,0.4854007365018722
"SMABERS, Minke",Netherlands,Hockey,Women,2008,1,1,0.5043427042199047
"MORRISON, Melissa",United States,Athletics,Women,2004,0,1,0.5420955345698162
"LEE, Dong Soo","Korea, South",Badminton,Men,2004,0,0,0.49530102861299746
"HAUGEN, Tone",Norway,Football,Women,1996,0,1,0.5110295780759855
"MIRANDA, Patricia",United States,Wrestling,Women,2004,0,1,0.5283125588647173
"LIU, Qing",China,Basketball,Women,1984,0,0,0.4749154270822117
"LEONARD, Ray Charles",United States,Boxing,Men,1976,1,1,0.5343379484817647
"FLOOD, Debbie",United Kingdom,Rowing,Women,2004,0,1,0.5346682239016949
"PETROV, Peter",Bulgaria,Athletics,Men,1980,0,0,0.46602272144302725
"SALOMAKI, Jouko",Finland,Wrestling,Men,1984,1,0,0.46644735099553125
"NEVZOROV, Vladimir",Soviet Union,Judo,Men,1976,1,1,0.5140642782966517
"O'CONNOR, David",United States,Equestrian,Men,2000,1,1,0.5315956331375196
"LI, Feng-Ying",Taiwan,Weightlifting,Women,2000,0,1,0.5199536131484778
"QUIST, Anne-Marie",Netherlands,Rowing,Women,1984,0,1,0.5035747346440893
"DUWELIUS, Richard Lloyd",United States,Volleyball,Men,1984,1,1,0.5248880452364157
"REGO, Emanuel",Brazil,Volleyball,Men,2008,0,0,0.4519328941379694
"ANDRUNACHE, Georgeta",Romania,Rowing,Women,2008,0,1,0.5155029970495928
"VELDHUIS, Marleen",Netherlands,Aquatics,Women,2008,1,1,0.5116676037276623
"HENMAN, Tim",United Kingdom,Tennis,Men,1996,0,1,0.5245482324055348
"BODIROGA, Dejan",Yugoslavia,Basketball,Men,1996,0,1,0.5409762022378859
"HEPPNER, Uwe",East Germany,Rowing,Men,1980,1,0,0.469892133066358
"FUKUDOME, Kosuke",Japan,Baseball,Men,2004,0,0,0.49306152684622073
"KLIMKE, Ingrid",Germany,Equestrian,Women,2008,1,0,0.48595414704448325
"BOWERING, Jodie",Australia,Softball,Women,2008,0,0,0.4586176577275882
"NECULITA, Maria",Romania,Gymnastics,Women,1992,0,1,0.5159813248901646
"PENALVER ASENSIO, Antonio",Spain,Athletics,Men,1992,0,1,0.521431194240464
"PANG, Jiaying",China,Aquatics,Women,2008,0,0,0.47658472711431354
"TAN, Kai Wen",United States,Gymnastics,Men,2008,0,1,0.5288149073392455
"BAJKUSA, Vesna",Yugoslavia,Basketball,Women,1988,0,1,0.547832007379218
"WEGNER, Axel",East Germany,Shooting,Men,1988,1,0,0.46600443479925086
"TIAN, Bingyi",China,Badminton,Men,1992,0,0,0.4677348728353967
"BAUMANN, Alexander",Canada,Aquatics,Men,1984,1,0,0.4717888878844632
